first_name,last_name,email,gender,ip_address,date
Roobbie,Wilbore,rwilbore0@bandcamp.com,Female,82.243.17.211,1/7/2018
Aprilette,Dole,adole1@altervista.org,Female,12.132.123.75,3/27/2017
Phillipe,Winkworth,pwinkworth2@wufoo.com,Male,71.62.119.246,1/20/2018
Arvy,Lempke,alempke3@squidoo.com,Male,117.227.52.135,10/20/2017
Cody,Jakov,cjakov4@i2i.jp,Female,172.197.66.100,5/23/2017
Colan,Keggins,ckeggins5@timesonline.co.uk,Male,181.229.74.134,5/27/2017
Nancee,Hembry,nhembry6@reddit.com,Female,156.241.166.133,2/16/2017
Marla,Kopta,mkopta7@youku.com,Female,7.62.98.38,1/11/2018
Sharlene,Roll,sroll8@hexun.com,Female,33.240.2.44,12/30/2017
Misti,Fillan,mfillan9@friendfeed.com,Female,116.231.5.10,2/21/2017
Elyse,McSkin,emcskina@naver.com,Female,174.104.235.87,12/27/2017
Avril,Harm,aharmb@bloomberg.com,Female,69.223.89.103,7/15/2017
Viola,Lopez,vlopezc@exblog.jp,Female,166.108.241.67,3/1/2017
Dulci,Lutz,dlutzd@newyorker.com,Female,68.222.192.251,3/30/2017
Mallory,Ivett,mivette@slideshare.net,Male,54.169.32.87,6/5/2017
Gris,Attree,gattreef@cpanel.net,Male,33.79.140.56,7/26/2017
Jackelyn,Matas,jmatasg@cocolog-nifty.com,Female,91.95.85.200,11/16/2017
Meggi,Corey,mcoreyh@virginia.edu,Female,23.132.198.151,1/13/2018
Chuck,Ditchfield,cditchfieldi@networksolutions.com,Male,109.14.57.171,3/31/2017
Renie,Buckthought,rbuckthoughtj@nih.gov,Female,208.3.126.119,12/21/2017
Miles,Costerd,mcosterdk@homestead.com,Male,248.78.128.34,5/20/2017
Nehemiah,Akehurst,nakehurstl@who.int,Male,240.82.141.142,1/12/2018
Courtenay,Luebbert,cluebbertm@macromedia.com,Female,242.188.105.210,12/20/2017
Trixi,Grasser,tgrassern@cmu.edu,Female,97.215.61.27,12/2/2017
Tuckie,Galey,tgaleyo@weebly.com,Male,159.177.179.42,7/17/2017
Sigfrid,Vasyuchov,svasyuchovp@facebook.com,Male,95.55.8.206,8/22/2017
Anselm,Chataignier,achataignierq@state.tx.us,Male,174.222.178.90,2/7/2017
Amelie,Gregorowicz,agregorowiczr@huffingtonpost.com,Female,247.225.157.19,9/18/2017
Ky,Walburn,kwalburns@sciencedaily.com,Male,134.114.202.23,9/26/2017
Paulie,Choppin,pchoppint@telegraph.co.uk,Male,129.103.190.202,5/13/2017
Jeannette,Kellie,jkellieu@howstuffworks.com,Female,97.230.146.95,11/23/2017
Angil,Maruska,amaruskav@census.gov,Female,54.128.237.154,7/9/2017
Terrijo,Sutworth,tsutworthw@cam.ac.uk,Female,81.92.225.107,2/21/2017
Galvin,Grundon,ggrundonx@issuu.com,Male,14.47.203.93,6/23/2017
Quintina,Kivelle,qkivelley@google.com.hk,Female,198.248.219.167,4/28/2017
Jaquith,Antonat,jantonatz@qq.com,Female,5.84.142.159,6/25/2017
Gail,Hegarty,ghegarty10@sfgate.com,Female,96.172.42.16,5/6/2017
Lawrence,Jirik,ljirik11@forbes.com,Male,92.243.245.88,12/17/2017
Raymond,Gobeau,rgobeau12@indiegogo.com,Male,98.43.94.123,10/25/2017
Nathaniel,Reek,nreek13@w3.org,Male,65.127.31.59,1/30/2017
Daveen,Sorro,dsorro14@howstuffworks.com,Female,63.36.249.64,3/18/2017
Konrad,Figiovanni,kfigiovanni15@bbc.co.uk,Male,149.14.18.35,1/14/2018
Genovera,Bergstrand,gbergstrand16@desdev.cn,Female,88.0.109.45,2/25/2017
Raddy,Osipov,rosipov17@biglobe.ne.jp,Male,250.43.26.251,3/27/2017
Letti,Hyatt,lhyatt18@bing.com,Female,195.68.235.80,6/24/2017
Theobald,Newbury,tnewbury19@loc.gov,Male,151.45.42.254,2/18/2017
Josias,Morena,jmorena1a@issuu.com,Male,167.172.170.159,12/1/2017
Robbie,Mathes,rmathes1b@sina.com.cn,Female,206.56.157.1,1/23/2018
Georgiana,O'Glassane,goglassane1c@sun.com,Female,89.118.155.172,9/28/2017
Corabella,Bibb,cbibb1d@free.fr,Female,198.178.106.68,3/10/2017
Peria,Farndale,pfarndale1e@slate.com,Female,4.84.249.198,5/28/2017
Gabbie,Sarra,gsarra1f@vk.com,Female,10.42.119.179,3/7/2017
Janith,Neat,jneat1g@ucla.edu,Female,252.23.134.87,6/15/2017
Arlena,Blenkinship,ablenkinship1h@ed.gov,Female,140.250.118.47,8/21/2017
Isis,Bidewel,ibidewel1i@ovh.net,Female,213.45.16.180,1/3/2018
Susan,Savery,ssavery1j@apple.com,Female,31.171.37.96,6/2/2017
Nadya,Heeron,nheeron1k@nymag.com,Female,121.105.159.233,11/9/2017
Bendite,O'Shields,boshields1l@craigslist.org,Female,227.103.114.23,9/4/2017
Fawne,Pulsford,fpulsford1m@de.vu,Female,98.105.216.164,3/4/2017
Zacharie,Dudin,zdudin1n@oracle.com,Male,198.116.40.146,8/29/2017
Ingaberg,Cuppleditch,icuppleditch1o@elpais.com,Female,42.56.219.53,9/5/2017
Cloe,Messingham,cmessingham1p@github.io,Female,180.54.148.115,6/5/2017
Parrnell,Sanson,psanson1q@chron.com,Male,66.41.209.213,10/14/2017
Noby,MacCafferky,nmaccafferky1r@amazon.com,Male,48.27.24.123,1/12/2018
Irena,Stave,istave1s@jigsy.com,Female,165.232.167.12,3/16/2017
Tabbitha,Kerrigan,tkerrigan1t@xing.com,Female,125.114.245.49,1/26/2018
Bink,Cogan,bcogan1u@eepurl.com,Male,6.65.28.200,12/26/2017
Chere,Seagrave,cseagrave1v@fc2.com,Female,67.143.59.248,12/30/2017
Cissy,Conichie,cconichie1w@google.ca,Female,41.47.88.36,1/30/2017
Ozzy,Point,opoint1x@addthis.com,Male,117.241.228.36,8/30/2017
Benedicta,Kitcatt,bkitcatt1y@indiatimes.com,Female,148.242.137.59,9/19/2017
Rania,Rosier,rrosier1z@privacy.gov.au,Female,20.74.20.49,8/23/2017
Perice,Gorusso,pgorusso20@wired.com,Male,132.237.5.159,10/3/2017
Helen,Tregunna,htregunna21@myspace.com,Female,180.147.164.191,4/18/2017
Ericha,Egdal,eegdal22@posterous.com,Female,125.70.34.219,11/25/2017
Cinnamon,Cabena,ccabena23@goodreads.com,Female,21.124.20.93,11/3/2017
Horton,Forson,hforson24@scribd.com,Male,139.73.15.14,9/14/2017
Gian,Battaille,gbattaille25@howstuffworks.com,Male,33.222.53.189,7/6/2017
Dewain,Fyfe,dfyfe26@businessweek.com,Male,149.39.61.136,6/2/2017
Laura,Snoday,lsnoday27@timesonline.co.uk,Female,162.249.133.166,5/21/2017
Winifield,Audley,waudley28@tuttocitta.it,Male,83.26.83.213,2/14/2017
Caryl,Cummine,ccummine29@phpbb.com,Female,203.222.161.192,12/7/2017
Tymon,Clemenceau,tclemenceau2a@wikipedia.org,Male,170.187.250.231,4/9/2017
Markus,Micklem,mmicklem2b@issuu.com,Male,104.165.134.12,5/12/2017
Sergio,Henke,shenke2c@thetimes.co.uk,Male,202.93.52.233,5/22/2017
Adamo,Tumbridge,atumbridge2d@wsj.com,Male,191.34.206.229,2/14/2017
Dulciana,Schenfisch,dschenfisch2e@booking.com,Female,238.0.124.183,3/8/2017
Suellen,McTeague,smcteague2f@dyndns.org,Female,124.92.140.72,4/7/2017
Renard,Easseby,reasseby2g@telegraph.co.uk,Male,17.133.78.203,12/23/2017
Cullin,Jubert,cjubert2h@ehow.com,Male,189.70.125.241,8/21/2017
Levin,Gerauld,lgerauld2i@twitter.com,Male,135.198.49.110,3/8/2017
Aldous,Farny,afarny2j@gravatar.com,Male,160.120.107.193,3/17/2017
Estevan,McCarney,emccarney2k@amazon.de,Male,84.86.194.91,2/8/2017
Ilario,Volet,ivolet2l@state.gov,Male,216.2.69.99,4/11/2017
Eleni,Astlatt,eastlatt2m@sogou.com,Female,234.118.249.112,1/13/2018
Lenee,Fireman,lfireman2n@tinypic.com,Female,200.7.45.149,4/26/2017
Lorenzo,Averill,laverill2o@woothemes.com,Male,95.153.214.160,3/10/2017
Harlen,Ciciari,hciciari2p@marketwatch.com,Male,145.248.180.165,7/11/2017
Beret,Renfrew,brenfrew2q@dropbox.com,Female,243.145.23.131,3/27/2017
Kerrin,Sweeney,ksweeney2r@gizmodo.com,Female,73.183.30.29,8/29/2017
Addie,Kiwitz,akiwitz2s@constantcontact.com,Male,69.126.72.156,1/21/2018
Jolyn,Chittie,jchittie2t@exblog.jp,Female,107.102.128.92,5/14/2017
Ana,Winterflood,awinterflood2u@quantcast.com,Female,40.117.174.137,9/4/2017
Mariele,Crafter,mcrafter2v@zimbio.com,Female,212.102.62.92,1/14/2018
Denice,Draye,ddraye2w@intel.com,Female,155.132.22.120,3/4/2017
Noby,Liggons,nliggons2x@cisco.com,Male,124.224.39.37,4/27/2017
Hayyim,Wakeham,hwakeham2y@ezinearticles.com,Male,105.45.191.255,9/23/2017
Willamina,Deschlein,wdeschlein2z@ted.com,Female,198.195.230.67,4/15/2017
Carlin,Zelake,czelake30@jugem.jp,Female,218.73.81.226,12/23/2017
Dar,Leppo,dleppo31@myspace.com,Male,140.99.160.245,10/16/2017
Harland,Fallows,hfallows32@sohu.com,Male,144.113.248.107,3/16/2017
Bruce,Falcus,bfalcus33@discovery.com,Male,151.62.216.98,1/12/2018
Lydia,Kleinhaut,lkleinhaut34@wiley.com,Female,204.108.155.110,5/17/2017
Larine,Mundie,lmundie35@hc360.com,Female,109.108.154.234,1/2/2018
Sheffie,Bosden,sbosden36@ihg.com,Male,63.103.41.38,5/20/2017
Nomi,Gawkes,ngawkes37@eventbrite.com,Female,192.75.10.74,8/3/2017
Malena,Burdon,mburdon38@1688.com,Female,216.168.138.80,3/5/2017
Angel,Kasbye,akasbye39@nationalgeographic.com,Male,29.103.125.30,2/25/2017
Anabelle,Staziker,astaziker3a@google.it,Female,30.21.173.114,12/29/2017
Carmel,Reoch,creoch3b@toplist.cz,Female,9.28.158.57,6/6/2017
Jemie,Coushe,jcoushe3c@ox.ac.uk,Female,108.25.35.35,10/30/2017
Arlen,Meldrum,ameldrum3d@1und1.de,Male,218.60.67.153,2/19/2017
Friedrick,Swateridge,fswateridge3e@slate.com,Male,107.242.77.231,6/23/2017
Gabbie,Carnier,gcarnier3f@nba.com,Male,196.238.220.160,10/9/2017
Jermaine,Garden,jgarden3g@webmd.com,Male,234.46.40.228,1/20/2018
Sherwood,Goodie,sgoodie3h@newsvine.com,Male,240.237.231.98,7/2/2017
Torey,Gentry,tgentry3i@a8.net,Female,63.250.128.74,10/14/2017
Anthony,Morcombe,amorcombe3j@liveinternet.ru,Male,111.194.24.122,12/3/2017
Kacie,Kenworthey,kkenworthey3k@usda.gov,Female,196.66.135.134,5/1/2017
Dulcie,Meins,dmeins3l@51.la,Female,33.242.190.53,7/10/2017
Cecilio,Placidi,cplacidi3m@homestead.com,Male,8.20.188.156,4/25/2017
Jonathan,Tweed,jtweed3n@e-recht24.de,Male,72.19.105.179,11/5/2017
Julia,Sweeting,jsweeting3o@samsung.com,Female,16.33.241.147,9/17/2017
Gearalt,Wadelin,gwadelin3p@nytimes.com,Male,114.227.115.214,7/1/2017
Freddie,Belleny,fbelleny3q@mayoclinic.com,Male,23.13.9.55,5/10/2017
Lauretta,Adamovitch,ladamovitch3r@typepad.com,Female,199.11.217.84,2/27/2017
Laina,Rook,lrook3s@icio.us,Female,215.122.117.223,12/28/2017
Aleen,Crowter,acrowter3t@joomla.org,Female,225.204.64.117,10/19/2017
Grazia,Ebhardt,gebhardt3u@twitter.com,Female,108.107.117.62,12/2/2017
Filide,Foulger,ffoulger3v@miibeian.gov.cn,Female,70.88.111.188,9/13/2017
Kristal,Hryniewicki,khryniewicki3w@free.fr,Female,56.234.193.0,9/24/2017
Casie,McClory,cmcclory3x@sakura.ne.jp,Female,33.1.238.4,8/8/2017
Austin,Eyles,aeyles3y@google.de,Female,199.24.69.208,5/9/2017
Cookie,Prin,cprin3z@icio.us,Female,186.125.106.144,1/20/2018
Robinett,Eckert,reckert40@timesonline.co.uk,Female,164.17.21.230,4/25/2017
Buckie,Le Sarr,blesarr41@histats.com,Male,57.134.171.175,6/13/2017
Alexei,Luney,aluney42@narod.ru,Male,179.230.179.235,9/11/2017
Khalil,Whales,kwhales43@flickr.com,Male,196.35.99.126,1/7/2018
Agnola,Tuckwell,atuckwell44@epa.gov,Female,125.179.64.200,7/13/2017
Marla,Andrieu,mandrieu45@infoseek.co.jp,Female,88.176.147.72,6/25/2017
Berri,Abrahamson,babrahamson46@thetimes.co.uk,Female,15.38.223.5,10/2/2017
Issi,Palfree,ipalfree47@boston.com,Female,102.74.180.43,6/19/2017
Arlena,Acreman,aacreman48@feedburner.com,Female,48.131.122.19,4/19/2017
Blinnie,Hawkey,bhawkey49@blog.com,Female,230.19.118.188,2/25/2017
Lucais,Rigg,lrigg4a@hostgator.com,Male,211.243.3.190,8/27/2017
Marita,St. Leger,mstleger4b@opera.com,Female,135.155.6.179,3/1/2017
Debbie,Chichgar,dchichgar4c@booking.com,Female,2.148.236.136,2/28/2017
Carleton,Tomaszynski,ctomaszynski4d@dmoz.org,Male,31.138.78.158,7/23/2017
Erskine,O'Crevy,eocrevy4e@oaic.gov.au,Male,41.35.208.61,7/22/2017
Gordie,McCrillis,gmccrillis4f@fema.gov,Male,49.151.109.203,8/30/2017
Edgard,Coverdale,ecoverdale4g@oakley.com,Male,225.171.210.76,10/14/2017
Rozalin,Barkas,rbarkas4h@chicagotribune.com,Female,131.78.196.224,1/20/2018
Prentice,Boays,pboays4i@reuters.com,Male,158.15.92.28,12/13/2017
Martino,Gradwell,mgradwell4j@edublogs.org,Male,228.133.253.174,1/30/2017
Osbourne,Witnall,owitnall4k@dagondesign.com,Male,45.73.96.25,4/11/2017
Brear,Kesten,bkesten4l@gizmodo.com,Female,11.124.181.62,12/7/2017
Almira,Ruler,aruler4m@yolasite.com,Female,92.116.249.114,1/26/2018
Ezekiel,Okenden,eokenden4n@tinyurl.com,Male,243.195.197.189,5/31/2017
Jervis,Menhenitt,jmenhenitt4o@huffingtonpost.com,Male,43.103.50.93,4/26/2017
Chaunce,Edghinn,cedghinn4p@about.com,Male,22.34.50.238,12/6/2017
Carla,Rock,crock4q@google.com.br,Female,151.227.240.251,9/12/2017
Joscelin,Janway,jjanway4r@vkontakte.ru,Female,108.53.19.119,6/28/2017
Benoite,Staves,bstaves4s@ustream.tv,Female,203.92.117.185,3/13/2017
Robinetta,Khristyukhin,rkhristyukhin4t@opera.com,Female,84.23.132.131,11/15/2017
Constantin,Mahedy,cmahedy4u@amazon.co.jp,Male,220.26.36.176,12/17/2017
Benn,Learman,blearman4v@soup.io,Male,233.161.233.227,1/17/2018
Leena,Tejada,ltejada4w@nsw.gov.au,Female,114.239.144.224,4/28/2017
Rolph,Doward,rdoward4x@behance.net,Male,131.81.231.22,1/19/2018
Carmelle,Coleyshaw,ccoleyshaw4y@ow.ly,Female,103.26.109.194,5/16/2017
Ethelind,Quilty,equilty4z@myspace.com,Female,179.151.156.217,9/30/2017
Thaddus,Epelett,tepelett50@github.com,Male,77.150.181.149,9/11/2017
Rebeca,Descroix,rdescroix51@qq.com,Female,64.38.3.183,9/19/2017
Nikki,Kurton,nkurton52@noaa.gov,Female,41.47.13.138,10/6/2017
Hewitt,Wilkinson,hwilkinson53@studiopress.com,Male,252.58.217.217,12/24/2017
Dalenna,Joyes,djoyes54@umich.edu,Female,81.62.79.52,1/14/2018
Dot,Scheffler,dscheffler55@about.com,Female,117.127.155.114,12/25/2017
Mia,Hainge,mhainge56@behance.net,Female,171.115.74.187,11/13/2017
Whitney,Casellas,wcasellas57@hao123.com,Female,223.151.174.57,6/8/2017
Sigmund,Attwater,sattwater58@facebook.com,Male,161.215.1.245,3/2/2017
Avery,Feldhammer,afeldhammer59@hp.com,Male,98.156.196.137,7/31/2017
Aileen,Grewcock,agrewcock5a@1und1.de,Female,45.205.118.247,2/26/2017
Bride,Pixton,bpixton5b@timesonline.co.uk,Female,238.149.194.94,11/1/2017
Hope,Drivers,hdrivers5c@zdnet.com,Female,240.181.156.229,9/1/2017
Dasha,Beagin,dbeagin5d@amazon.co.uk,Female,137.51.153.229,3/18/2017
Kerwin,Ketteman,kketteman5e@studiopress.com,Male,137.40.227.227,3/3/2017
Kevon,Jex,kjex5f@samsung.com,Male,194.60.29.159,11/7/2017
Davine,Neesam,dneesam5g@unesco.org,Female,209.76.3.13,6/4/2017
Dunstan,Baum,dbaum5h@statcounter.com,Male,226.146.13.52,11/20/2017
Ewell,De-Ville,edeville5i@ucsd.edu,Male,119.36.230.22,7/23/2017
Laird,Seyffert,lseyffert5j@google.com,Male,40.94.223.134,7/23/2017
Magda,Heatley,mheatley5k@php.net,Female,173.224.70.33,11/12/2017
Geralda,Pritchitt,gpritchitt5l@craigslist.org,Female,7.124.176.2,11/19/2017
Lurette,Slad,lslad5m@google.it,Female,14.143.135.211,3/5/2017
Bethanne,Killiam,bkilliam5n@symantec.com,Female,14.58.149.213,7/6/2017
Doralin,Brownstein,dbrownstein5o@usnews.com,Female,198.51.88.191,4/4/2017
Christy,Smickle,csmickle5p@oracle.com,Female,190.212.56.22,8/23/2017
Rockie,Belfitt,rbelfitt5q@google.es,Male,240.242.132.97,1/12/2018
Sylvester,Whate,swhate5r@intel.com,Male,194.26.0.239,9/28/2017
Errick,Crop,ecrop5s@shutterfly.com,Male,210.216.66.249,12/5/2017
Elna,Eudall,eeudall5t@irs.gov,Female,186.44.115.87,6/13/2017
Ritchie,MacGorrie,rmacgorrie5u@wisc.edu,Male,230.175.237.180,10/21/2017
Jazmin,Marns,jmarns5v@marketwatch.com,Female,97.70.33.232,6/30/2017
Mikaela,Wedmore.,mwedmore5w@wordpress.com,Female,118.167.172.17,6/6/2017
Waneta,Raittie,wraittie5x@skyrock.com,Female,91.180.65.237,3/11/2017
Pebrook,Billion,pbillion5y@domainmarket.com,Male,89.156.211.116,4/2/2017
Sayre,Presland,spresland5z@twitpic.com,Female,173.115.170.46,10/25/2017
Britte,Wadeling,bwadeling60@reverbnation.com,Female,243.97.214.144,10/5/2017
Clement,Durtnell,cdurtnell61@symantec.com,Male,23.44.131.13,10/22/2017
Zea,Walas,zwalas62@wufoo.com,Female,187.9.221.24,4/27/2017
Mead,Guidoni,mguidoni63@aboutads.info,Male,226.115.210.140,11/22/2017
Jelene,Maleck,jmaleck64@who.int,Female,50.221.183.150,10/21/2017
Siouxie,Markham,smarkham65@dell.com,Female,223.31.81.150,3/12/2017
Stanislas,Airton,sairton66@seesaa.net,Male,231.243.190.123,8/8/2017
Wilone,Pochon,wpochon67@list-manage.com,Female,125.33.32.183,5/14/2017
Alexandre,Wailes,awailes68@ft.com,Male,28.191.116.214,9/22/2017
Rhea,Folkes,rfolkes69@paginegialle.it,Female,142.178.26.60,3/26/2017
Theodora,Jouannin,tjouannin6a@nyu.edu,Female,228.199.64.127,9/1/2017
Alain,Greatham,agreatham6b@storify.com,Male,182.224.59.108,4/18/2017
Bonny,Berns,bberns6c@un.org,Female,149.130.78.203,2/7/2017
Alyce,Ridley,aridley6d@google.co.jp,Female,38.224.43.204,8/9/2017
Robena,Rumford,rrumford6e@alexa.com,Female,33.222.245.11,12/5/2017
Emelyne,Crosse,ecrosse6f@ning.com,Female,228.36.122.26,6/1/2017
Park,Odcroft,podcroft6g@prlog.org,Male,51.154.135.168,7/6/2017
Merwyn,Emmott,memmott6h@cornell.edu,Male,119.109.89.229,2/14/2017
Stacee,Bagehot,sbagehot6i@artisteer.com,Female,175.199.101.142,10/20/2017
Parnell,Gristhwaite,pgristhwaite6j@mozilla.org,Male,73.119.93.76,7/16/2017
Muffin,Grassi,mgrassi6k@vinaora.com,Male,133.249.52.182,6/13/2017
Eirena,Brammar,ebrammar6l@unesco.org,Female,16.221.255.88,10/15/2017
Kile,Dufaire,kdufaire6m@sogou.com,Male,230.21.71.172,3/11/2017
Aldridge,Lias,alias6n@live.com,Male,134.140.185.83,5/29/2017
Jaymie,D'Adda,jdadda6o@devhub.com,Male,155.231.5.10,3/9/2017
Bordy,Longstaffe,blongstaffe6p@nifty.com,Male,62.31.12.229,10/6/2017
Milzie,Jakubovitch,mjakubovitch6q@sphinn.com,Female,46.191.202.31,3/16/2017
Kalli,Skirven,kskirven6r@chicagotribune.com,Female,146.109.234.224,2/14/2017
Kanya,Enrigo,kenrigo6s@topsy.com,Female,181.52.132.242,4/30/2017
Loralyn,Drewett,ldrewett6t@jimdo.com,Female,21.43.151.188,11/19/2017
Federico,Vogeller,fvogeller6u@go.com,Male,143.8.14.22,12/24/2017
Isidro,Vanner,ivanner6v@issuu.com,Male,16.230.215.119,6/9/2017
Bianca,Rao,brao6w@uiuc.edu,Female,122.172.211.155,4/12/2017
Nat,Dabney,ndabney6x@illinois.edu,Female,204.49.212.223,2/11/2017
Rossy,Rodgerson,rrodgerson6y@soup.io,Male,215.131.209.207,8/1/2017
Charissa,Cholwell,ccholwell6z@barnesandnoble.com,Female,41.0.69.240,6/10/2017
Hally,Granleese,hgranleese70@creativecommons.org,Female,28.112.7.129,6/21/2017
Gottfried,Bonson,gbonson71@eventbrite.com,Male,73.138.100.52,10/4/2017
Stacee,Fyndon,sfyndon72@shinystat.com,Male,199.164.35.173,8/15/2017
Cathrine,Cockayne,ccockayne73@i2i.jp,Female,117.183.106.85,8/9/2017
Daphna,Adshad,dadshad74@youtube.com,Female,57.20.201.119,12/16/2017
Niels,Theakston,ntheakston75@sina.com.cn,Male,230.85.152.189,2/16/2017
Talbot,Stapleton,tstapleton76@merriam-webster.com,Male,24.179.85.72,7/16/2017
Samuele,Dollar,sdollar77@nytimes.com,Male,142.238.42.172,11/16/2017
Eleanore,Henzley,ehenzley78@hao123.com,Female,22.97.168.191,7/31/2017
Faydra,Turpin,fturpin79@tripadvisor.com,Female,44.220.147.141,5/17/2017
Val,Scarlet,vscarlet7a@jimdo.com,Male,133.153.65.234,1/24/2018
Claudine,Moret,cmoret7b@opera.com,Female,5.197.99.39,2/4/2017
Nola,Ragles,nragles7c@lulu.com,Female,240.40.172.198,9/16/2017
Stormie,Brickwood,sbrickwood7d@webmd.com,Female,86.237.189.19,11/12/2017
Jasen,Lineham,jlineham7e@wisc.edu,Male,150.186.246.106,6/26/2017
Haydon,Hinkins,hhinkins7f@bloglines.com,Male,231.6.255.31,11/20/2017
Ardath,Ashwell,aashwell7g@ow.ly,Female,17.239.231.17,6/7/2017
Becka,Gerrard,bgerrard7h@japanpost.jp,Female,113.190.198.16,7/14/2017
Livia,Cartmel,lcartmel7i@hp.com,Female,229.199.139.228,5/29/2017
Hobey,Adamowicz,hadamowicz7j@addtoany.com,Male,200.13.184.212,1/29/2018
Hazlett,Betty,hbetty7k@miibeian.gov.cn,Male,72.54.198.156,4/20/2017
Fleming,Older,folder7l@epa.gov,Male,161.111.92.143,11/21/2017
King,Stroyan,kstroyan7m@geocities.com,Male,236.3.106.16,3/29/2017
La verne,Auten,lauten7n@epa.gov,Female,200.147.4.34,9/6/2017
Clayborne,Doward,cdoward7o@wikimedia.org,Male,131.27.12.85,1/2/2018
Curtice,Kinnar,ckinnar7p@studiopress.com,Male,94.143.78.181,5/24/2017
Fee,Sach,fsach7q@alexa.com,Male,4.45.119.224,11/30/2017
Cacilie,Donahue,cdonahue7r@sphinn.com,Female,73.137.50.74,8/28/2017
Dyana,Cabrera,dcabrera7s@histats.com,Female,180.19.104.17,7/8/2017
Jessee,Trank,jtrank7t@cisco.com,Male,62.193.6.110,10/29/2017
Elka,Haldane,ehaldane7u@people.com.cn,Female,220.143.59.24,5/14/2017
Lilllie,Mulcahy,lmulcahy7v@tuttocitta.it,Female,125.195.212.247,4/19/2017
Kristen,Do,kdo7w@ezinearticles.com,Female,119.128.167.156,5/20/2017
Crystie,Eckart,ceckart7x@etsy.com,Female,115.86.158.28,12/31/2017
Lelia,Bygreaves,lbygreaves7y@163.com,Female,152.121.229.40,8/21/2017
Alfonse,Quogan,aquogan7z@barnesandnoble.com,Male,66.33.88.223,7/15/2017
Barbi,Lindman,blindman80@123-reg.co.uk,Female,143.245.82.225,10/23/2017
Silvester,Matuszyk,smatuszyk81@ocn.ne.jp,Male,82.5.116.15,5/19/2017
Jacqui,Felgate,jfelgate82@imgur.com,Female,111.102.202.19,12/22/2017
Steffane,Tarbox,starbox83@cbsnews.com,Female,68.199.23.7,10/14/2017
Marnia,Augustus,maugustus84@paginegialle.it,Female,154.85.2.15,12/4/2017
Moshe,Hamblen,mhamblen85@hao123.com,Male,252.128.119.72,1/11/2018
Jerrold,Makey,jmakey86@indiegogo.com,Male,118.237.241.221,12/17/2017
Fransisco,Keywood,fkeywood87@gmpg.org,Male,77.243.254.223,3/17/2017
Nita,Give,ngive88@sciencedaily.com,Female,199.161.248.144,1/3/2018
Kimble,Woodrooffe,kwoodrooffe89@chronoengine.com,Male,49.253.117.83,6/22/2017
Finley,Campagne,fcampagne8a@stanford.edu,Male,133.123.133.109,3/25/2017
Korney,Engel,kengel8b@dell.com,Female,21.249.11.9,5/1/2017
Craggie,Routley,croutley8c@irs.gov,Male,62.105.190.173,3/23/2017
Francyne,Yurmanovev,fyurmanovev8d@kickstarter.com,Female,239.45.231.106,11/22/2017
Julita,Burrett,jburrett8e@apple.com,Female,85.235.214.220,5/21/2017
Hatti,Luney,hluney8f@cam.ac.uk,Female,64.104.174.153,11/6/2017
Halimeda,Muglestone,hmuglestone8g@shinystat.com,Female,129.214.150.32,2/12/2017
Irwin,Wadhams,iwadhams8h@ucla.edu,Male,63.139.239.217,11/7/2017
Giorgia,Corsor,gcorsor8i@illinois.edu,Female,71.210.142.65,7/20/2017
Jeth,Tanton,jtanton8j@slideshare.net,Male,84.121.233.191,10/5/2017
Camile,Conquer,cconquer8k@elpais.com,Female,47.195.132.165,2/18/2017
Biron,Southern,bsouthern8l@berkeley.edu,Male,135.205.228.137,2/8/2017
Randa,Kelson,rkelson8m@eventbrite.com,Female,128.156.148.41,10/5/2017
Gerry,Picker,gpicker8n@merriam-webster.com,Male,127.105.155.161,4/21/2017
Ronny,Kubczak,rkubczak8o@dropbox.com,Male,159.86.254.51,6/11/2017
Padgett,Ruzic,pruzic8p@wikimedia.org,Male,100.212.144.160,10/7/2017
Lawrence,Banstead,lbanstead8q@narod.ru,Male,35.194.222.179,7/11/2017
Anthony,Parke,aparke8r@japanpost.jp,Male,50.162.3.67,8/26/2017
Berkley,Kempe,bkempe8s@reverbnation.com,Male,252.255.122.117,6/10/2017
Justin,Allchorn,jallchorn8t@sciencedaily.com,Male,162.11.142.241,5/12/2017
Berta,MacLucais,bmaclucais8u@blog.com,Female,24.178.176.144,1/20/2018
Tristam,Motten,tmotten8v@kickstarter.com,Male,182.74.227.154,10/29/2017
Zechariah,Banbrick,zbanbrick8w@comsenz.com,Male,148.42.168.46,1/16/2018
Xymenes,Yepiskopov,xyepiskopov8x@cisco.com,Male,84.94.111.205,5/7/2017
Humbert,Holton,hholton8y@slate.com,Male,16.20.90.167,9/16/2017
Therine,Di Iorio,tdiiorio8z@nature.com,Female,109.74.235.54,12/7/2017
Maible,Nettles,mnettles90@gov.uk,Female,255.0.203.168,6/30/2017
Aguie,Gorrie,agorrie91@smh.com.au,Male,220.200.255.6,5/9/2017
Witty,Immer,wimmer92@ow.ly,Male,11.74.226.179,5/7/2017
Cassandre,Tschursch,ctschursch93@tiny.cc,Female,214.153.192.116,1/31/2017
Hilary,Gawen,hgawen94@digg.com,Male,60.19.153.21,11/24/2017
Cynde,Biddlestone,cbiddlestone95@yelp.com,Female,55.35.233.181,2/24/2017
Zaccaria,Orrock,zorrock96@cdc.gov,Male,67.145.93.208,9/2/2017
Jorge,McCay,jmccay97@ox.ac.uk,Male,29.48.34.189,2/16/2017
Royal,Habbeshaw,rhabbeshaw98@uiuc.edu,Male,70.206.79.171,3/4/2017
Mareah,Basley,mbasley99@bloomberg.com,Female,18.113.4.118,12/28/2017
Rhys,Boyes,rboyes9a@webs.com,Male,202.153.112.122,11/25/2017
Sybil,Musla,smusla9b@shop-pro.jp,Female,194.65.233.221,5/4/2017
Udell,Lorincz,ulorincz9c@discovery.com,Male,230.10.149.128,9/12/2017
Pryce,Knowlden,pknowlden9d@delicious.com,Male,119.109.200.100,2/20/2017
Dulcine,McElree,dmcelree9e@princeton.edu,Female,210.50.192.14,4/30/2017
Lorin,Sterman,lsterman9f@tinyurl.com,Male,206.11.229.230,12/26/2017
Gigi,Philpotts,gphilpotts9g@miibeian.gov.cn,Female,220.237.160.199,3/24/2017
Kirsti,Urlich,kurlich9h@booking.com,Female,85.125.24.58,2/23/2017
Camala,Pote,cpote9i@google.com,Female,188.212.99.112,12/2/2017
Reginauld,Kainz,rkainz9j@yelp.com,Male,226.154.139.75,4/16/2017
Winnie,Guion,wguion9k@census.gov,Female,161.220.122.218,10/2/2017
Drusy,Rounding,drounding9l@usnews.com,Female,115.125.90.138,1/17/2018
Cassius,Drinkhill,cdrinkhill9m@csmonitor.com,Male,99.42.223.92,7/10/2017
Allie,Bennion,abennion9n@apache.org,Female,89.180.126.48,12/12/2017
Pippo,Meriguet,pmeriguet9o@bloglovin.com,Male,13.56.63.222,1/9/2018
Melloney,Griswaite,mgriswaite9p@oaic.gov.au,Female,191.227.253.144,1/27/2018
Rosemarie,Borrel,rborrel9q@vimeo.com,Female,111.142.193.239,6/16/2017
Bar,Cona,bcona9r@unesco.org,Male,233.200.99.253,1/15/2018
Rolando,Cobon,rcobon9s@posterous.com,Male,112.209.41.41,2/15/2017
Broderic,Stobbes,bstobbes9t@accuweather.com,Male,248.181.181.242,11/18/2017
Daphne,Layne,dlayne9u@slate.com,Female,28.170.56.233,5/15/2017
Paulita,Lax,plax9v@arizona.edu,Female,84.227.35.243,11/12/2017
Costanza,Brosoli,cbrosoli9w@tripod.com,Female,246.182.34.50,1/16/2018
Luella,Lenglet,llenglet9x@kickstarter.com,Female,234.65.123.168,10/11/2017
Laurel,Mosedale,lmosedale9y@flavors.me,Female,169.120.244.141,9/24/2017
Julian,Delamere,jdelamere9z@admin.ch,Male,228.154.181.41,8/22/2017
Zachariah,Pacher,zpachera0@ocn.ne.jp,Male,174.54.71.96,3/20/2017
Channa,Cloy,ccloya1@ft.com,Female,181.89.89.216,8/13/2017
Kalinda,McSperron,kmcsperrona2@ameblo.jp,Female,140.245.194.61,6/6/2017
Almira,Kinane,akinanea3@naver.com,Female,211.42.163.246,6/24/2017
Reese,Elvins,relvinsa4@yahoo.com,Male,235.152.128.29,11/7/2017
Tomas,Paternoster,tpaternostera5@tinyurl.com,Male,65.7.62.49,3/16/2017
Farr,Hurkett,fhurketta6@sitemeter.com,Male,68.184.21.240,10/15/2017
Bonnibelle,McGawn,bmcgawna7@devhub.com,Female,127.3.159.136,1/22/2018
Loleta,Pedracci,lpedraccia8@xing.com,Female,133.123.38.123,12/6/2017
Mira,Donaghy,mdonaghya9@dropbox.com,Female,107.25.169.22,1/31/2017
Pennie,Armsden,parmsdenaa@blogger.com,Female,95.7.132.192,2/28/2017
Rodi,Fairholm,rfairholmab@list-manage.com,Female,194.152.206.35,10/29/2017
Saw,Haymes,shaymesac@ow.ly,Male,125.123.226.96,8/25/2017
Boote,Kellaway,bkellawayad@feedburner.com,Male,3.247.44.240,3/21/2017
Davey,Denington,ddeningtonae@ucoz.ru,Male,29.21.15.63,6/21/2017
Tova,Aymes,taymesaf@123-reg.co.uk,Female,133.153.149.100,2/13/2017
Nat,Pizey,npizeyag@virginia.edu,Male,11.94.51.91,10/1/2017
Margalo,Edland,medlandah@mlb.com,Female,154.109.42.190,8/22/2017
Chrissy,Chippindale,cchippindaleai@nhs.uk,Male,162.82.247.178,1/4/2018
Marcile,Cesaric,mcesaricaj@xing.com,Female,174.88.11.79,8/14/2017
Rollins,Mallon,rmallonak@linkedin.com,Male,71.188.242.1,9/15/2017
Neddy,Jaggli,njagglial@unicef.org,Male,109.124.227.41,4/7/2017
Shir,Craxford,scraxfordam@ovh.net,Female,134.102.186.51,3/14/2017
Morie,Jammet,mjammetan@naver.com,Male,130.188.23.79,4/24/2017
Sloane,Titman,stitmanao@businessinsider.com,Male,118.251.57.170,12/14/2017
Yuri,Gissing,ygissingap@sohu.com,Male,214.246.11.171,7/6/2017
Julissa,Larvor,jlarvoraq@photobucket.com,Female,19.156.188.46,3/25/2017
Yehudit,Barritt,ybarrittar@biglobe.ne.jp,Male,21.168.177.46,7/17/2017
Raimondo,Burnsall,rburnsallas@bbc.co.uk,Male,70.42.132.68,4/24/2017
Lian,Dahle,ldahleat@gizmodo.com,Female,8.93.174.0,5/24/2017
Udall,Foat,ufoatau@t.co,Male,204.108.167.247,10/25/2017
Casey,Rutland,crutlandav@t-online.de,Male,138.155.92.27,12/1/2017
Lissie,Freyne,lfreyneaw@youku.com,Female,190.180.244.91,11/3/2017
Eunice,Duplock,eduplockax@hubpages.com,Female,143.128.212.203,1/11/2018
Rochell,Kidston,rkidstonay@goodreads.com,Female,197.230.162.78,4/13/2017
Cassandre,Ramplee,crampleeaz@dmoz.org,Female,14.142.221.127,6/20/2017
Bethany,Sanz,bsanzb0@thetimes.co.uk,Female,138.152.34.72,4/13/2017
Yasmeen,Jarrad,yjarradb1@cbslocal.com,Female,229.208.13.110,1/18/2018
Hank,Piletic,hpileticb2@123-reg.co.uk,Male,115.7.252.82,6/12/2017
Maggie,Halden,mhaldenb3@businesswire.com,Female,210.113.129.152,10/4/2017
Francisco,Harriskine,fharriskineb4@cdc.gov,Male,55.139.195.101,11/15/2017
Orin,Waterfall,owaterfallb5@freewebs.com,Male,182.219.109.53,1/8/2018
Van,Gurys,vgurysb6@aol.com,Female,122.68.72.202,7/21/2017
Padget,Highway,phighwayb7@gnu.org,Male,108.110.104.123,6/18/2017
Elly,Tregale,etregaleb8@technorati.com,Female,139.88.30.173,1/24/2018
Ermin,Penhale,epenhaleb9@bbb.org,Male,182.174.39.56,5/23/2017
Geoffry,Monteaux,gmonteauxba@exblog.jp,Male,25.160.224.180,5/7/2017
Clemmy,Jaquiss,cjaquissbb@cbsnews.com,Male,24.207.255.53,1/28/2018
Benton,Hutchison,bhutchisonbc@ycombinator.com,Male,70.177.85.52,5/27/2017
Hobie,Geoghegan,hgeogheganbd@typepad.com,Male,204.40.36.82,2/1/2017
Garland,Jeckells,gjeckellsbe@psu.edu,Female,116.58.159.139,11/15/2017
Seana,Brodley,sbrodleybf@t-online.de,Female,122.126.210.249,10/16/2017
Karlotte,Vauls,kvaulsbg@exblog.jp,Female,145.28.39.83,4/28/2017
Dorrie,Romke,dromkebh@jimdo.com,Female,46.201.125.213,8/12/2017
Chester,Orpen,corpenbi@npr.org,Male,197.255.234.157,6/13/2017
Maxim,Sibly,msiblybj@loc.gov,Male,55.14.75.220,3/29/2017
Inessa,Neate,ineatebk@sourceforge.net,Female,245.12.53.98,2/22/2017
Jard,MacNucator,jmacnucatorbl@slate.com,Male,59.45.225.31,7/4/2017
Leo,Manus,lmanusbm@exblog.jp,Male,168.132.213.244,10/22/2017
Frederic,Guisot,fguisotbn@ihg.com,Male,169.58.93.112,5/26/2017
Hewet,Pavie,hpaviebo@seattletimes.com,Male,114.246.248.7,4/17/2017
Pearl,Grimditch,pgrimditchbp@1688.com,Female,101.56.70.27,9/10/2017
Lauraine,Fandrich,lfandrichbq@symantec.com,Female,34.212.60.236,2/18/2017
Iona,Benedito,ibeneditobr@ebay.com,Female,119.35.151.212,3/31/2017
Bourke,Hawking,bhawkingbs@fotki.com,Male,92.86.167.239,11/10/2017
Bent,Lunnon,blunnonbt@blinklist.com,Male,34.91.199.206,5/1/2017
Hew,Ruddle,hruddlebu@oakley.com,Male,189.66.202.1,4/21/2017
Yulma,Bragginton,ybraggintonbv@wufoo.com,Male,99.114.61.133,9/8/2017
Timmie,Gethyn,tgethynbw@comsenz.com,Female,146.47.47.115,2/27/2017
Othella,Brassill,obrassillbx@psu.edu,Female,139.117.116.99,6/19/2017
Sim,Yersin,syersinby@harvard.edu,Male,123.139.45.226,1/20/2018
Morna,Legerwood,mlegerwoodbz@theguardian.com,Female,109.15.253.229,6/22/2017
Rodrique,Tomenson,rtomensonc0@imageshack.us,Male,196.163.49.252,4/16/2017
Bobbee,Guiso,bguisoc1@tripod.com,Female,118.39.133.63,12/15/2017
Malva,Ramsted,mramstedc2@mit.edu,Female,32.6.151.153,12/21/2017
Corbet,Kittiman,ckittimanc3@nyu.edu,Male,214.127.180.207,6/20/2017
Lilas,Tape,ltapec4@xinhuanet.com,Female,54.141.65.18,12/29/2017
Chrisy,Khoter,ckhoterc5@state.gov,Male,206.142.196.138,9/30/2017
Peria,Taylot,ptaylotc6@theguardian.com,Female,252.221.244.155,10/16/2017
Darell,Epilet,depiletc7@imageshack.us,Female,156.131.12.70,10/17/2017
Haven,Le Strange,hlestrangec8@youku.com,Male,204.12.247.241,7/27/2017
Gabriela,Slate,gslatec9@amazon.co.jp,Female,6.157.210.72,4/21/2017
Jennee,Isakovitch,jisakovitchca@netscape.com,Female,50.31.144.94,8/23/2017
Eduard,Hagard,ehagardcb@squarespace.com,Male,72.70.196.62,6/23/2017
Salomone,Laffan,slaffancc@taobao.com,Male,198.192.162.38,1/28/2018
Hoyt,Allington,hallingtoncd@wordpress.com,Male,95.246.5.146,4/30/2017
Stacey,Yewdale,syewdalece@cbslocal.com,Female,8.145.191.27,10/17/2017
De witt,Lillistone,dlillistonecf@sbwire.com,Male,220.126.253.132,1/26/2018
Marisa,Cogzell,mcogzellcg@shinystat.com,Female,14.77.85.67,6/7/2017
Regen,D'Adamo,rdadamoch@mlb.com,Male,242.112.97.205,8/26/2017
Jobina,Benedicto,jbenedictoci@cbslocal.com,Female,85.199.225.150,1/3/2018
Ortensia,Stevani,ostevanicj@smugmug.com,Female,175.96.54.41,3/20/2017
Sterling,Muller,smullerck@ihg.com,Male,152.247.40.172,4/17/2017
Arlyne,Spittles,aspittlescl@ucsd.edu,Female,103.228.247.215,3/3/2017
Ginnie,Iacobetto,giacobettocm@altervista.org,Female,3.95.34.130,4/16/2017
Larry,Fobidge,lfobidgecn@shinystat.com,Male,41.65.0.154,8/25/2017
Rene,Permain,rpermainco@technorati.com,Female,112.12.117.200,8/4/2017
Renado,Swaffer,rswaffercp@google.co.jp,Male,15.182.129.28,12/26/2017
Jada,Garvagh,jgarvaghcq@wsj.com,Female,74.61.227.143,5/12/2017
Audy,Viollet,aviolletcr@adobe.com,Female,115.146.160.249,9/27/2017
Eugene,Mawson,emawsoncs@delicious.com,Male,36.72.73.71,12/21/2017
Jereme,Glencrash,jglencrashct@surveymonkey.com,Male,120.59.238.186,3/22/2017
Kimberley,Baxill,kbaxillcu@xrea.com,Female,9.228.241.191,2/11/2017
Arly,Campkin,acampkincv@pcworld.com,Female,161.199.203.25,1/28/2018
Alysia,Leppington,aleppingtoncw@hp.com,Female,237.51.51.116,10/23/2017
Rudie,Shawyer,rshawyercx@theatlantic.com,Male,57.101.241.50,9/17/2017
Fifine,Coyish,fcoyishcy@ftc.gov,Female,113.68.20.150,5/17/2017
Moises,Probin,mprobincz@cbslocal.com,Male,3.142.188.5,12/5/2017
Teddy,Harragin,tharragind0@reddit.com,Female,223.214.81.244,10/9/2017
Chaunce,Croot,ccrootd1@examiner.com,Male,212.163.152.196,10/9/2017
Georas,Pettisall,gpettisalld2@addtoany.com,Male,248.41.136.223,10/23/2017
Eric,Lanmeid,elanmeidd3@dedecms.com,Male,111.152.226.251,3/14/2017
Farlie,Lalor,flalord4@ovh.net,Male,32.10.175.142,8/9/2017
Arliene,Breward,abrewardd5@photobucket.com,Female,0.91.113.130,12/5/2017
Taddeo,Bangs,tbangsd6@youtu.be,Male,108.8.71.151,10/10/2017
Norene,Volcker,nvolckerd7@cocolog-nifty.com,Female,122.235.207.89,4/19/2017
Ely,Hearty,eheartyd8@unc.edu,Male,151.7.217.18,10/7/2017
Shina,Shurville,sshurvilled9@berkeley.edu,Female,53.251.202.196,12/16/2017
Ettore,Pethrick,epethrickda@acquirethisname.com,Male,89.12.69.119,4/2/2017
Culver,Stuehmeyer,cstuehmeyerdb@feedburner.com,Male,12.224.36.212,1/25/2018
Caddric,Fandrey,cfandreydc@noaa.gov,Male,183.173.248.186,9/11/2017
Mario,Yesenin,myesenindd@umich.edu,Male,40.54.82.90,12/5/2017
Malena,Vampouille,mvampouillede@unesco.org,Female,132.86.136.20,7/9/2017
Otis,Demaid,odemaiddf@dion.ne.jp,Male,171.242.9.102,6/2/2017
Luce,Cayford,lcayforddg@plala.or.jp,Male,23.230.157.30,7/2/2017
Schuyler,Mosconi,smosconidh@forbes.com,Male,9.53.79.13,10/11/2017
Theodore,Magog,tmagogdi@wired.com,Male,34.205.200.118,6/26/2017
Eden,Peer,epeerdj@imageshack.us,Female,173.187.148.171,10/10/2017
Payton,Caudrey,pcaudreydk@reuters.com,Male,140.23.172.87,9/8/2017
Jermayne,Rickaby,jrickabydl@cisco.com,Male,224.138.123.35,3/3/2017
Dalenna,Vela,dveladm@google.nl,Female,70.64.119.193,5/4/2017
Gayla,Shimmans,gshimmansdn@cdc.gov,Female,99.219.147.221,12/8/2017
Corly,Raittie,craittiedo@booking.com,Female,156.25.127.152,6/14/2017
Quinn,Aldrick,qaldrickdp@artisteer.com,Male,94.210.112.168,10/2/2017
Prescott,Krzyzanowski,pkrzyzanowskidq@ning.com,Male,69.1.180.112,5/8/2017
Maren,Cunnell,mcunnelldr@fc2.com,Female,15.209.237.21,9/14/2017
Neddie,Hindenburg,nhindenburgds@msn.com,Male,57.57.186.162,2/8/2017
Philip,Lorentz,plorentzdt@fc2.com,Male,215.228.161.126,9/15/2017
Luigi,Wrankmore,lwrankmoredu@shutterfly.com,Male,23.21.142.134,5/1/2017
Zarah,Eustanch,zeustanchdv@meetup.com,Female,66.164.235.136,3/6/2017
Mitchell,Hurles,mhurlesdw@nifty.com,Male,165.255.116.242,4/19/2017
Rosalind,Killeen,rkilleendx@privacy.gov.au,Female,200.175.244.63,7/26/2017
Mycah,Drover,mdroverdy@alibaba.com,Male,204.55.180.141,1/28/2018
Leigha,Pynn,lpynndz@loc.gov,Female,200.48.161.198,10/30/2017
Reese,Kubec,rkubece0@nyu.edu,Male,195.107.27.181,9/20/2017
Hadleigh,Karus,hkaruse1@canalblog.com,Male,185.28.220.83,11/20/2017
Samson,Bullman,sbullmane2@youtu.be,Male,5.126.71.173,4/25/2017
Sebastiano,Sempill,ssempille3@independent.co.uk,Male,162.17.225.113,9/28/2017
Carol,Blaiklock,cblaiklocke4@trellian.com,Female,135.184.81.7,1/14/2018
Charita,Riccard,criccarde5@privacy.gov.au,Female,135.114.114.213,7/22/2017
Lindy,Preshous,lpreshouse6@ustream.tv,Male,147.84.215.29,8/24/2017
Jordain,Lyne,jlynee7@yahoo.co.jp,Female,220.187.134.139,6/26/2017
Troy,Tebboth,ttebbothe8@dagondesign.com,Male,73.140.199.211,11/22/2017
Reese,Lghan,rlghane9@ameblo.jp,Male,67.107.244.210,7/10/2017
Ruddie,Jermey,rjermeyea@ucla.edu,Male,176.27.253.63,10/2/2017
Cristobal,Dorian,cdorianeb@ustream.tv,Male,111.140.98.196,5/26/2017
Krysta,Litel,klitelec@answers.com,Female,213.207.252.98,7/3/2017
Catherin,Stanex,cstanexed@springer.com,Female,150.88.62.34,7/19/2017
Madella,Loftie,mloftieee@cnet.com,Female,17.20.13.3,7/29/2017
Brantley,Vogele,bvogeleef@freewebs.com,Male,51.137.73.221,2/9/2017
Cordey,Tamburi,ctamburieg@bloomberg.com,Female,73.29.38.35,5/9/2017
Evan,Gegg,egeggeh@wikia.com,Male,91.129.202.249,2/18/2017
Fiona,Kippin,fkippinei@unesco.org,Female,99.160.131.40,5/20/2017
Batholomew,Creser,bcreserej@cyberchimps.com,Male,83.229.161.133,9/21/2017
Johan,Golland,jgollandek@skype.com,Male,237.87.37.35,5/16/2017
Veronika,Corzon,vcorzonel@patch.com,Female,147.177.74.169,11/7/2017
Osborne,Schnieder,oschniederem@cyberchimps.com,Male,56.210.255.241,5/15/2017
Wait,Jasiak,wjasiaken@guardian.co.uk,Male,24.224.137.38,8/9/2017
Grazia,Springford,gspringfordeo@shareasale.com,Female,222.198.248.181,5/13/2017
Erasmus,Dennerly,edennerlyep@tripadvisor.com,Male,141.187.174.126,9/7/2017
Leigha,Cluer,lcluereq@deviantart.com,Female,41.154.229.61,11/18/2017
Claribel,Maggiori,cmaggiorier@theguardian.com,Female,103.51.238.6,6/3/2017
Gunter,Naper,gnaperes@ibm.com,Male,176.208.59.54,11/16/2017
Conroy,Clarke,cclarkeet@tripadvisor.com,Male,125.173.44.31,2/11/2017
Eimile,Egerton,eegertoneu@cisco.com,Female,9.87.145.129,12/24/2017
Ingemar,Mace,imaceev@smugmug.com,Male,61.183.143.59,2/27/2017
Rutter,Atyeo,ratyeoew@skyrock.com,Male,238.184.178.151,5/30/2017
Tristan,Grigoryov,tgrigoryovex@csmonitor.com,Male,57.215.65.16,1/1/2018
Alden,Aveson,aavesoney@etsy.com,Male,63.23.184.149,7/2/2017
Torrie,Brownett,tbrownettez@blogtalkradio.com,Female,12.2.73.86,11/9/2017
Nils,Mendoza,nmendozaf0@europa.eu,Male,69.122.134.11,10/19/2017
Boyce,Rasmus,brasmusf1@wiley.com,Male,29.12.175.148,10/5/2017
Gay,Paladini,gpaladinif2@networkadvertising.org,Male,131.220.42.132,8/5/2017
Hayley,Waren,hwarenf3@ucsd.edu,Female,135.110.152.138,3/6/2017
Sloan,Glennie,sglennief4@weather.com,Male,242.181.107.55,4/16/2017
Madelin,Hartfleet,mhartfleetf5@artisteer.com,Female,200.3.45.15,11/19/2017
Zaneta,Beviss,zbevissf6@edublogs.org,Female,135.6.196.82,8/14/2017
Monti,Ockleshaw,mockleshawf7@epa.gov,Male,167.179.30.171,11/8/2017
Dulciana,Paulsen,dpaulsenf8@tinypic.com,Female,52.232.58.255,4/15/2017
Stan,Funnell,sfunnellf9@feedburner.com,Male,170.107.96.251,2/7/2017
Filmore,Chasmor,fchasmorfa@ihg.com,Male,193.196.168.19,8/12/2017
Leroi,Metzke,lmetzkefb@surveymonkey.com,Male,72.176.120.97,4/6/2017
Gabby,Scarlett,gscarlettfc@walmart.com,Male,7.85.221.50,11/7/2017
Emlen,Shackleton,eshackletonfd@bloglovin.com,Male,11.88.215.130,8/22/2017
Celka,Chiechio,cchiechiofe@paginegialle.it,Female,52.217.205.159,8/17/2017
Cleveland,Amey,cameyff@bloomberg.com,Male,227.160.114.160,7/13/2017
Grace,Beddow,gbeddowfg@nyu.edu,Male,111.197.180.134,10/20/2017
Alf,Carnilian,acarnilianfh@twitter.com,Male,220.181.226.146,1/19/2018
Roseline,Lippiatt,rlippiattfi@addthis.com,Female,108.199.191.185,4/29/2017
Aggie,Rulten,arultenfj@newsvine.com,Female,185.130.71.75,8/6/2017
Kerwin,Fairburne,kfairburnefk@wunderground.com,Male,139.61.186.95,3/16/2017
Orel,McGeorge,omcgeorgefl@mtv.com,Female,207.4.35.89,1/23/2018
Leonard,Highwood,lhighwoodfm@wp.com,Male,79.84.201.195,10/30/2017
Lanna,Teissier,lteissierfn@liveinternet.ru,Female,6.253.68.42,2/23/2017
Vic,Beames,vbeamesfo@msn.com,Male,116.72.36.228,3/1/2017
Yank,Simonetti,ysimonettifp@cisco.com,Male,27.12.74.54,6/12/2017
Margi,Cowle,mcowlefq@sogou.com,Female,105.235.132.30,12/16/2017
Mindy,Youde,myoudefr@rakuten.co.jp,Female,176.250.113.24,12/7/2017
Vail,Readwing,vreadwingfs@spiegel.de,Male,177.54.132.19,4/15/2017
Garrett,Stodart,gstodartft@princeton.edu,Male,27.178.251.236,3/11/2017
Lucine,Swarbrigg,lswarbriggfu@seattletimes.com,Female,165.241.154.116,2/6/2017
Dag,Nitto,dnittofv@telegraph.co.uk,Male,116.90.146.136,4/4/2017
Ambrosi,Caldecott,acaldecottfw@bizjournals.com,Male,11.31.28.167,10/30/2017
Claire,Coltart,ccoltartfx@shinystat.com,Female,98.142.51.183,11/11/2017
Philippine,De la Zenne,pdelazennefy@census.gov,Female,55.17.32.168,1/26/2018
Guthrie,Spreag,gspreagfz@skype.com,Male,177.14.96.201,12/3/2017
Eugine,Kaemena,ekaemenag0@printfriendly.com,Female,69.227.13.133,9/19/2017
Bobbie,Marcoolyn,bmarcoolyng1@wunderground.com,Male,63.80.107.0,10/15/2017
Latashia,Worsam,lworsamg2@foxnews.com,Female,122.87.89.221,9/4/2017
Marilin,O'Hartagan,mohartagang3@army.mil,Female,67.15.132.202,10/25/2017
Huntington,Maffione,hmaffioneg4@dion.ne.jp,Male,235.221.168.117,10/4/2017
Silvie,Lowndes,slowndesg5@ted.com,Female,81.108.3.176,4/19/2017
Monroe,Ormes,mormesg6@yale.edu,Male,71.235.89.144,5/2/2017
Nata,Hallbord,nhallbordg7@sciencedaily.com,Female,175.247.67.178,8/21/2017
Jocko,Roumier,jroumierg8@prweb.com,Male,191.96.35.88,8/20/2017
Evered,Ochterlony,eochterlonyg9@latimes.com,Male,245.84.20.131,12/18/2017
Orion,Cramb,ocrambga@statcounter.com,Male,77.111.202.190,1/10/2018
Boothe,Nunn,bnunngb@sbwire.com,Male,24.66.251.131,6/9/2017
Daisey,Beare,dbearegc@netvibes.com,Female,26.217.140.124,2/16/2017
Marc,Willis,mwillisgd@ted.com,Male,100.129.88.122,12/1/2017
Kristian,Pettersen,kpettersenge@dagondesign.com,Male,38.172.127.226,6/5/2017
Henryetta,Klimkiewich,hklimkiewichgf@mediafire.com,Female,255.146.52.25,1/25/2018
Arlene,Rawlence,arawlencegg@chicagotribune.com,Female,19.41.35.147,7/27/2017
Aldin,de Clerq,adeclerqgh@arizona.edu,Male,19.16.162.96,9/2/2017
Niven,Hazeldene,nhazeldenegi@friendfeed.com,Male,124.180.63.147,9/7/2017
Lelia,Braley,lbraleygj@blogspot.com,Female,240.194.37.173,10/18/2017
Logan,Horbart,lhorbartgk@com.com,Male,161.225.100.175,11/2/2017
Tristam,Gerold,tgeroldgl@npr.org,Male,81.110.68.0,7/27/2017
Wylie,Davidou,wdavidougm@cmu.edu,Male,104.220.114.38,9/14/2017
Paola,Ceschi,pceschign@spiegel.de,Female,207.105.103.148,4/12/2017
Devonne,Guarin,dguaringo@cam.ac.uk,Female,169.169.104.181,7/25/2017
Brose,Dibdall,bdibdallgp@apple.com,Male,227.152.223.146,2/26/2017
Conway,Gorvin,cgorvingq@senate.gov,Male,215.160.169.162,11/28/2017
Marieann,Needham,mneedhamgr@netscape.com,Female,35.160.109.231,7/10/2017
Jard,Helling,jhellinggs@slideshare.net,Male,165.255.104.118,11/1/2017
Tabbi,Heater,theatergt@narod.ru,Female,196.243.6.93,3/29/2017
Lloyd,Sheals,lshealsgu@usgs.gov,Male,60.211.43.203,5/13/2017
Layne,Popplewell,lpopplewellgv@hibu.com,Female,206.168.61.29,11/30/2017
Worth,Leaburn,wleaburngw@naver.com,Male,246.62.61.175,4/24/2017
Letitia,Straker,lstrakergx@globo.com,Female,224.100.14.136,4/22/2017
Andres,Muscat,amuscatgy@nasa.gov,Male,249.152.56.47,6/21/2017
Doroteya,Scutter,dscuttergz@google.co.jp,Female,39.185.209.250,6/22/2017
Jayme,Finlason,jfinlasonh0@altervista.org,Female,47.191.154.29,12/23/2017
Kimmie,Dibling,kdiblingh1@google.co.uk,Female,30.54.103.85,11/9/2017
Kariotta,Dawney,kdawneyh2@umich.edu,Female,210.179.177.100,6/29/2017
Isidro,Sheepy,isheepyh3@plala.or.jp,Male,168.163.47.223,1/6/2018
Adelina,Hawkins,ahawkinsh4@friendfeed.com,Female,53.210.68.243,12/30/2017
Aubry,Babalola,ababalolah5@cornell.edu,Female,248.170.30.116,6/12/2017
Nehemiah,Thowless,nthowlessh6@google.de,Male,120.121.17.2,3/29/2017
Berta,Vasyutkin,bvasyutkinh7@google.com.au,Female,169.248.38.213,1/12/2018
Janessa,Woolard,jwoolardh8@storify.com,Female,69.152.140.124,9/1/2017
Kristine,Andren,kandrenh9@fc2.com,Female,222.228.124.31,5/27/2017
Jennette,McVaugh,jmcvaughha@nasa.gov,Female,45.79.255.172,3/20/2017
Roselle,Hugill,rhugillhb@ycombinator.com,Female,196.32.233.74,8/27/2017
Ruthie,De Beauchamp,rdebeauchamphc@examiner.com,Female,69.131.52.234,8/26/2017
Elsi,Udey,eudeyhd@google.com,Female,35.170.15.185,7/24/2017
Mandel,Futter,mfutterhe@people.com.cn,Male,8.30.224.149,8/16/2017
Estevan,Scneider,escneiderhf@reddit.com,Male,223.151.5.96,1/10/2018
Thebault,Glaves,tglaveshg@ca.gov,Male,115.147.158.207,1/6/2018
Aeriel,Gosnall,agosnallhh@cpanel.net,Female,191.245.157.180,8/24/2017
Marielle,Girhard,mgirhardhi@huffingtonpost.com,Female,60.26.235.245,1/7/2018
Jakie,McWhinnie,jmcwhinniehj@cafepress.com,Male,28.98.139.188,11/10/2017
Herculie,McGinnis,hmcginnishk@google.com.au,Male,19.105.110.126,8/19/2017
Homerus,Petyakov,hpetyakovhl@unicef.org,Male,49.98.80.116,1/14/2018
Devinne,Terbeek,dterbeekhm@hhs.gov,Female,235.220.134.138,10/10/2017
Nicola,Ballingal,nballingalhn@alexa.com,Female,230.135.135.181,7/11/2017
Leeann,Cahalin,lcahalinho@privacy.gov.au,Female,121.189.195.16,12/20/2017
Noll,Gauson,ngausonhp@xing.com,Male,70.114.207.54,6/19/2017
Kania,Maclaine,kmaclainehq@yahoo.co.jp,Female,208.117.168.39,3/16/2017
Xena,Bover,xboverhr@themeforest.net,Female,235.220.101.199,2/6/2017
Alberta,MacCoughan,amaccoughanhs@cpanel.net,Female,156.185.101.128,6/1/2017
Bud,Lodo,blodoht@yellowbook.com,Male,117.97.191.70,7/5/2017
Horace,Ingry,hingryhu@typepad.com,Male,241.96.166.94,5/5/2017
Cullie,Haggerwood,chaggerwoodhv@wikispaces.com,Male,99.27.93.43,2/19/2017
Dennison,Mapother,dmapotherhw@topsy.com,Male,156.35.129.178,4/21/2017
Sawyer,Norcock,snorcockhx@msn.com,Male,242.131.137.115,3/6/2017
Verney,Grimble,vgrimblehy@4shared.com,Male,148.238.124.194,3/11/2017
Lou,Matzaitis,lmatzaitishz@google.nl,Female,76.148.226.29,7/26/2017
Arlena,Tibalt,atibalti0@google.de,Female,253.210.191.68,2/24/2017
Kirby,Duffield,kduffieldi1@themeforest.net,Male,146.146.71.34,6/27/2017
Jeremias,Boxe,jboxei2@technorati.com,Male,58.255.193.11,7/6/2017
Hanan,Treppas,htreppasi3@is.gd,Male,209.143.149.206,11/8/2017
Henka,Oblein,hobleini4@slashdot.org,Female,130.11.29.124,1/13/2018
Lorene,Hymans,lhymansi5@pinterest.com,Female,5.41.30.52,5/18/2017
Chick,Mumm,cmummi6@google.com.br,Male,210.191.98.70,3/24/2017
Lauralee,Gower,lgoweri7@bloglines.com,Female,172.33.224.153,5/21/2017
Hi,Van Hesteren,hvanhestereni8@live.com,Male,7.11.159.177,10/29/2017
Agretha,Slorach,aslorachi9@desdev.cn,Female,91.226.58.212,1/9/2018
Sheffield,Maken,smakenia@miibeian.gov.cn,Male,149.98.4.17,9/11/2017
Temp,Steet,tsteetib@bigcartel.com,Male,124.246.116.82,12/10/2017
Dur,Sey,dseyic@discovery.com,Male,93.118.111.146,7/13/2017
Evey,Whisker,ewhiskerid@virginia.edu,Female,148.146.224.238,3/26/2017
Arleen,Iveson,aivesonie@parallels.com,Female,230.121.160.37,5/8/2017
Silvio,Dubois,sduboisif@reuters.com,Male,231.90.212.9,12/24/2017
Cordelia,Gurko,cgurkoig@springer.com,Female,62.200.229.95,12/29/2017
Roi,Eva,revaih@wordpress.org,Male,34.18.13.44,8/18/2017
Patsy,Cometson,pcometsonii@multiply.com,Male,48.169.163.101,12/4/2017
Feliza,Jansens,fjansensij@ustream.tv,Female,25.31.218.220,5/25/2017
Gabi,Stormes,gstormesik@time.com,Female,178.210.249.141,9/2/2017
Moises,Mabe,mmabeil@bing.com,Male,198.247.245.14,12/4/2017
Emalia,Thornhill,ethornhillim@smh.com.au,Female,60.14.69.6,10/8/2017
Issiah,Chantree,ichantreein@seattletimes.com,Male,68.172.23.78,3/27/2017
Chance,Skirven,cskirvenio@paypal.com,Male,208.112.27.87,7/27/2017
Nadean,Deuss,ndeussip@trellian.com,Female,58.155.41.50,8/9/2017
Hortensia,Ethington,hethingtoniq@wiley.com,Female,75.87.39.125,5/25/2017
Sky,Armitage,sarmitageir@gov.uk,Male,1.205.236.74,2/23/2017
Consuelo,Richold,cricholdis@wired.com,Female,147.10.191.48,10/11/2017
Charleen,Gier,cgierit@delicious.com,Female,72.18.255.20,9/7/2017
Gradey,Barradell,gbarradelliu@upenn.edu,Male,193.56.139.76,7/16/2017
Claudio,Haselup,chaselupiv@disqus.com,Male,145.233.24.156,5/23/2017
Ellie,Kirkbride,ekirkbrideiw@hp.com,Female,139.182.59.171,3/27/2017
Velma,Geram,vgeramix@linkedin.com,Female,125.208.198.69,3/22/2017
Betsy,Alderson,baldersoniy@paginegialle.it,Female,21.82.132.57,11/27/2017
Amity,Aslott,aaslottiz@altervista.org,Female,114.67.8.98,7/12/2017
Caldwell,Farndon,cfarndonj0@vk.com,Male,198.106.137.133,8/16/2017
Montague,Melvin,mmelvinj1@boston.com,Male,84.107.245.242,8/9/2017
Gabriele,Gronowe,ggronowej2@hp.com,Male,59.226.39.253,11/10/2017
Wildon,Yuill,wyuillj3@time.com,Male,35.212.186.41,10/8/2017
Amandi,Basnett,abasnettj4@istockphoto.com,Female,221.113.120.136,2/28/2017
Laurent,Rudd,lruddj5@macromedia.com,Male,178.171.79.158,12/1/2017
Randie,Rosenkranc,rrosenkrancj6@printfriendly.com,Male,2.2.167.148,10/12/2017
Carlin,Atchly,catchlyj7@springer.com,Male,51.221.33.109,2/11/2017
Davidde,Cawcutt,dcawcuttj8@amazon.co.jp,Male,103.253.135.56,9/9/2017
Sholom,Capineer,scapineerj9@goodreads.com,Male,247.3.56.118,5/7/2017
Crysta,Keesman,ckeesmanja@weather.com,Female,211.33.189.161,8/14/2017
Neddie,Huortic,nhuorticjb@rediff.com,Male,117.158.88.90,12/29/2017
Idette,McConachie,imcconachiejc@hostgator.com,Female,53.36.197.243,7/10/2017
Mandy,Allbrook,mallbrookjd@squidoo.com,Female,50.219.197.203,6/13/2017
Winfred,Blune,wbluneje@nifty.com,Male,209.30.202.85,1/19/2018
Sholom,Dunne,sdunnejf@yellowbook.com,Male,7.175.29.51,3/31/2017
Graig,Mousdall,gmousdalljg@arizona.edu,Male,201.21.75.69,11/3/2017
Adelina,Philipsson,aphilipssonjh@umich.edu,Female,55.111.27.168,8/6/2017
Penni,Bulled,pbulledji@examiner.com,Female,101.172.236.189,4/29/2017
Raychel,Schmidt,rschmidtjj@trellian.com,Female,196.224.16.120,6/24/2017
Peirce,Jacobsz,pjacobszjk@wordpress.org,Male,5.169.241.165,4/20/2017
Pepito,Lewing,plewingjl@aol.com,Male,63.179.103.45,10/17/2017
Laura,Bienvenu,lbienvenujm@ft.com,Female,173.63.246.150,10/2/2017
Kacie,Dodds,kdoddsjn@typepad.com,Female,209.166.78.204,7/14/2017
Enid,Bowstead,ebowsteadjo@smugmug.com,Female,240.207.206.205,8/4/2017
Jodie,Bourke,jbourkejp@moonfruit.com,Male,150.129.159.229,10/24/2017
Ethelbert,Bagnall,ebagnalljq@google.es,Male,156.178.139.103,6/3/2017
Zabrina,Cronkshaw,zcronkshawjr@umich.edu,Female,225.153.143.19,6/29/2017
Lanny,Mauser,lmauserjs@t.co,Female,223.118.93.229,8/31/2017
Stan,Mattiazzo,smattiazzojt@aol.com,Male,172.139.111.67,5/14/2017
Ulberto,Dumphy,udumphyju@wisc.edu,Male,147.116.152.12,6/11/2017
Liuka,Beglin,lbeglinjv@list-manage.com,Female,130.213.67.136,10/21/2017
Doug,Lismore,dlismorejw@storify.com,Male,197.66.55.187,9/3/2017
Jason,Poytress,jpoytressjx@nhs.uk,Male,89.126.163.159,10/2/2017
Elyse,Fortman,efortmanjy@smh.com.au,Female,238.206.53.93,4/15/2017
Chanda,Waggett,cwaggettjz@multiply.com,Female,230.73.251.115,7/8/2017
Prentiss,Audsley,paudsleyk0@comcast.net,Male,196.104.10.20,6/25/2017
Hank,Wrassell,hwrassellk1@pen.io,Male,151.225.193.197,7/7/2017
Nikolia,Pakenham,npakenhamk2@wunderground.com,Female,207.45.106.40,4/4/2017
Mallissa,Pattlel,mpattlelk3@rakuten.co.jp,Female,2.132.244.245,4/16/2017
Mortie,Rotge,mrotgek4@microsoft.com,Male,6.76.22.32,9/17/2017
Emmi,Roderick,eroderickk5@plala.or.jp,Female,200.108.57.185,7/8/2017
Hobie,Feldmus,hfeldmusk6@dmoz.org,Male,189.46.78.146,12/23/2017
Esmeralda,Regis,eregisk7@arstechnica.com,Female,252.225.190.172,8/6/2017
Esta,Hasted,ehastedk8@jimdo.com,Female,115.156.34.15,12/27/2017
Wiley,Ybarra,wybarrak9@goo.ne.jp,Male,228.68.57.75,3/11/2017
Kirby,Mamwell,kmamwellka@scribd.com,Female,31.253.49.0,9/17/2017
Quintina,Jakubowsky,qjakubowskykb@weebly.com,Female,35.228.143.236,6/9/2017
Keary,Delhanty,kdelhantykc@nhs.uk,Male,191.246.253.50,5/22/2017
Bentley,Mussington,bmussingtonkd@joomla.org,Male,183.30.19.67,12/10/2017
Araldo,Matteris,amatteriske@cisco.com,Male,83.108.246.174,9/23/2017
Moritz,Lewty,mlewtykf@trellian.com,Male,130.94.104.6,6/22/2017
Hadlee,Collman,hcollmankg@cornell.edu,Male,102.254.218.231,12/1/2017
Levin,Rutherfoord,lrutherfoordkh@europa.eu,Male,216.169.214.87,5/5/2017
Margalit,Steinson,msteinsonki@mozilla.com,Female,114.129.24.202,11/9/2017
Valentia,Achromov,vachromovkj@globo.com,Female,82.46.152.147,8/11/2017
Ailee,Tarry,atarrykk@umich.edu,Female,56.190.238.130,10/23/2017
Kelley,Earthfield,kearthfieldkl@yolasite.com,Female,173.167.140.214,11/28/2017
Corrie,Mussett,cmussettkm@ftc.gov,Male,211.132.124.201,10/25/2017
Cynthia,Ramet,crametkn@cbslocal.com,Female,5.77.2.118,10/24/2017
Bennie,Ealles,beallesko@cornell.edu,Female,92.116.184.112,8/28/2017
Adriano,Renhard,arenhardkp@cdbaby.com,Male,19.199.5.220,9/19/2017
Pansy,Wadesworth,pwadesworthkq@comcast.net,Female,33.247.28.3,4/27/2017
Arv,Lillie,alilliekr@google.ru,Male,155.139.53.229,7/8/2017
Elvera,Yole,eyoleks@earthlink.net,Female,207.148.43.235,8/26/2017
Riordan,Scanes,rscaneskt@latimes.com,Male,155.237.150.31,4/16/2017
Lily,Holdron,lholdronku@princeton.edu,Female,52.61.47.226,5/14/2017
Jefferey,Tidcomb,jtidcombkv@mashable.com,Male,252.160.105.5,5/26/2017
Cherise,Clemoes,cclemoeskw@unesco.org,Female,50.216.121.74,7/18/2017
Simmonds,Iremonger,siremongerkx@state.tx.us,Male,25.118.250.127,7/9/2017
Griffie,Rouby,groubyky@moonfruit.com,Male,51.52.64.88,12/22/2017
Mariana,Wahncke,mwahnckekz@phoca.cz,Female,176.167.15.246,4/3/2017
Trula,Foyle,tfoylel0@wikia.com,Female,50.209.170.118,4/20/2017
Kendricks,Gullam,kgullaml1@4shared.com,Male,56.2.238.127,7/29/2017
Cornie,Service,cservicel2@dion.ne.jp,Male,169.136.214.174,4/28/2017
Marrilee,Martinet,mmartinetl3@paypal.com,Female,58.124.240.135,5/2/2017
Thebault,Bryce,tbrycel4@amazon.co.uk,Male,22.188.10.47,10/25/2017
Holt,Truran,htruranl5@uol.com.br,Male,184.192.2.129,6/18/2017
Shel,Biffin,sbiffinl6@statcounter.com,Female,52.123.31.156,1/2/2018
Sloane,Streak,sstreakl7@howstuffworks.com,Male,138.159.120.62,6/4/2017
Welch,Deering,wdeeringl8@illinois.edu,Male,173.218.200.117,11/6/2017
Charo,Gasperi,cgasperil9@studiopress.com,Female,115.230.100.210,4/19/2017
Alisha,Caine,acainela@hud.gov,Female,20.12.80.57,9/25/2017
Waylon,Head,wheadlb@vk.com,Male,99.185.183.143,3/20/2017
Hamilton,McGonigle,hmcgoniglelc@github.com,Male,32.39.140.66,9/22/2017
Mamie,Gollin,mgollinld@arizona.edu,Female,52.179.117.189,11/15/2017
Afton,Raycroft,araycroftle@creativecommons.org,Female,132.181.94.228,11/24/2017
Sky,Greensite,sgreensitelf@princeton.edu,Male,182.42.121.220,11/15/2017
Helyn,Filkin,hfilkinlg@cisco.com,Female,110.12.38.118,3/31/2017
Krissie,Monroe,kmonroelh@accuweather.com,Female,249.231.69.167,9/22/2017
Florri,Dumphry,fdumphryli@alexa.com,Female,105.196.82.35,9/30/2017
Lula,Addie,laddielj@ning.com,Female,96.121.57.95,7/11/2017
Welch,Sidon,wsidonlk@com.com,Male,16.184.144.181,1/24/2018
Kimmy,Levitt,klevittll@kickstarter.com,Female,233.195.150.9,6/29/2017
Frances,Chaman,fchamanlm@sphinn.com,Female,125.153.162.189,10/19/2017
Gillan,Fritschel,gfritschelln@wunderground.com,Female,44.204.148.227,6/18/2017
Vivienne,Rappoport,vrappoportlo@webeden.co.uk,Female,203.236.48.84,2/23/2017
Shane,Shireff,sshirefflp@mapy.cz,Male,138.115.25.172,8/7/2017
Thurstan,Rentoll,trentolllq@lycos.com,Male,25.142.85.97,1/21/2018
Carly,Salterne,csalternelr@1688.com,Female,156.231.206.253,4/20/2017
Amby,Hiseman,ahisemanls@cocolog-nifty.com,Male,225.141.75.54,8/17/2017
Sharon,Crowth,scrowthlt@elpais.com,Female,113.134.135.10,10/5/2017
Rae,Botten,rbottenlu@huffingtonpost.com,Female,136.40.79.180,2/9/2017
Mack,Tallman,mtallmanlv@ibm.com,Male,216.255.0.104,11/18/2017
Jeremy,Minguet,jminguetlw@bloomberg.com,Male,56.231.179.178,12/14/2017
Edi,Nellis,enellislx@tmall.com,Female,47.211.50.2,8/3/2017
Gino,Locke,glockely@about.com,Male,150.79.236.139,6/23/2017
Dorita,Hatwell,dhatwelllz@timesonline.co.uk,Female,139.213.0.220,5/25/2017
Bird,Rysom,brysomm0@sun.com,Female,40.207.39.4,4/1/2017
Karyl,Noen,knoenm1@cornell.edu,Female,68.154.254.79,1/30/2017
Kori,Lawranson,klawransonm2@hatena.ne.jp,Female,241.53.78.168,12/19/2017
Dunn,Cassius,dcassiusm3@webnode.com,Male,72.157.207.237,11/12/2017
Reider,Tourot,rtourotm4@usnews.com,Male,68.172.162.200,5/10/2017
Nonnah,Ollerhad,nollerhadm5@webs.com,Female,45.171.111.192,7/5/2017
Cesya,Lenihan,clenihanm6@freewebs.com,Female,77.46.129.33,12/18/2017
Billy,Dassindale,bdassindalem7@newsvine.com,Female,10.120.35.53,3/26/2017
Lyn,Frossell,lfrossellm8@cyberchimps.com,Female,162.154.227.64,5/16/2017
Alene,Collie,acolliem9@patch.com,Female,197.239.116.144,4/4/2017
Jacquenette,Cockrill,jcockrillma@clickbank.net,Female,196.204.184.255,12/20/2017
Bibbye,Skoughman,bskoughmanmb@sun.com,Female,56.175.245.118,2/28/2017
Reuben,Patrono,rpatronomc@jigsy.com,Male,156.148.114.247,1/29/2018
Welbie,Cescoti,wcescotimd@pen.io,Male,186.60.229.120,12/4/2017
Fanchette,Winslett,fwinslettme@kickstarter.com,Female,8.6.160.205,9/2/2017
Yuri,Kinkade,ykinkademf@is.gd,Male,34.172.124.170,8/31/2017
Jorrie,Abrahmson,jabrahmsonmg@zimbio.com,Female,180.129.166.232,6/29/2017
Bran,Teare,btearemh@webs.com,Male,40.93.54.118,11/11/2017
Adair,Bruyns,abruynsmi@cdbaby.com,Male,6.74.216.105,8/12/2017
Christabella,Saturley,csaturleymj@house.gov,Female,159.77.105.182,9/24/2017
Alvin,MacPaik,amacpaikmk@rakuten.co.jp,Male,81.166.120.176,2/2/2017
Oliy,Jzak,ojzakml@netlog.com,Female,41.25.237.49,11/28/2017
Hailee,Stoyell,hstoyellmm@instagram.com,Female,97.61.116.7,5/8/2017
Kareem,Caughtry,kcaughtrymn@washingtonpost.com,Male,107.120.166.198,11/4/2017
Garfield,Orleton,gorletonmo@dyndns.org,Male,124.91.162.222,12/24/2017
Tann,Balsdone,tbalsdonemp@examiner.com,Male,252.84.164.222,9/1/2017
Debra,Witherbed,dwitherbedmq@ucoz.com,Female,244.122.232.223,5/20/2017
Averil,Tincknell,atincknellmr@deviantart.com,Female,7.190.156.181,6/16/2017
Dorry,Bernardon,dbernardonms@symantec.com,Female,33.234.59.6,7/5/2017
Chadwick,Valencia,cvalenciamt@weebly.com,Male,194.109.70.89,2/1/2017
Garold,Allonby,gallonbymu@wisc.edu,Male,74.255.149.128,10/25/2017
Guglielmo,Cellone,gcellonemv@gov.uk,Male,210.173.91.10,6/4/2017
Damien,Jerzyk,djerzykmw@mysql.com,Male,111.93.219.66,2/24/2017
Toddie,Marc,tmarcmx@naver.com,Male,74.209.56.194,2/21/2017
Theresita,Greggs,tgreggsmy@techcrunch.com,Female,17.228.86.123,8/29/2017
Virgina,Francesch,vfranceschmz@indiegogo.com,Female,196.215.237.13,8/4/2017
Drusie,Tarbard,dtarbardn0@chicagotribune.com,Female,210.230.76.213,9/10/2017
Granville,Edel,gedeln1@gnu.org,Male,178.176.104.7,1/4/2018
Sam,Marshfield,smarshfieldn2@epa.gov,Male,241.33.74.183,11/30/2017
Brianne,Wasbrough,bwasbroughn3@4shared.com,Female,221.33.16.231,8/24/2017
Winnie,Rollinshaw,wrollinshawn4@virginia.edu,Male,205.146.80.37,4/25/2017
Alyda,Clitherow,aclitherown5@multiply.com,Female,141.146.37.160,6/21/2017
Waylon,Fines,wfinesn6@apple.com,Male,223.143.248.32,3/19/2017
Cliff,Gager,cgagern7@live.com,Male,95.147.134.121,2/15/2017
Ulrika,Pariso,uparison8@admin.ch,Female,127.106.220.51,1/12/2018
Lurlene,Grolle,lgrollen9@godaddy.com,Female,187.88.127.165,4/11/2017
Oran,Ebbotts,oebbottsna@addthis.com,Male,134.126.212.222,4/21/2017
Elwyn,Alban,ealbannb@list-manage.com,Male,214.15.43.30,4/18/2017
Tildy,Ojeda,tojedanc@ustream.tv,Female,35.43.65.97,7/31/2017
Tammara,Gritsunov,tgritsunovnd@smh.com.au,Female,232.179.62.243,9/15/2017
Puff,Reicharz,preicharzne@posterous.com,Male,226.98.140.207,10/24/2017
Avram,Pimblotte,apimblottenf@gizmodo.com,Male,18.161.243.68,10/24/2017
Drusie,Boughton,dboughtonng@yale.edu,Female,209.139.9.45,6/27/2017
Westbrook,Seif,wseifnh@princeton.edu,Male,33.241.102.184,5/12/2017
Beverly,Egdal,begdalni@newyorker.com,Female,240.184.251.26,8/23/2017
Nat,Sybry,nsybrynj@cocolog-nifty.com,Female,57.38.131.99,5/22/2017
Sol,Towsey,stowseynk@unicef.org,Male,203.179.209.196,10/21/2017
Ursala,Lippett,ulippettnl@berkeley.edu,Female,95.129.116.206,5/8/2017
Oswald,Wiper,owipernm@webnode.com,Male,112.112.50.102,12/26/2017
Fernanda,Reason,freasonnn@wsj.com,Female,156.140.253.86,7/9/2017
Meryl,Bucktrout,mbucktroutno@xinhuanet.com,Male,73.61.188.4,6/24/2017
Dinny,Facchini,dfacchininp@rambler.ru,Female,175.217.116.73,12/15/2017
Gusta,Manchett,gmanchettnq@ning.com,Female,245.124.75.57,8/27/2017
Gerald,Botcherby,gbotcherbynr@jiathis.com,Male,124.73.216.216,8/29/2017
Carmelina,Conti,ccontins@quantcast.com,Female,20.88.210.253,1/7/2018
Ferrel,Lilburn,flilburnnt@mysql.com,Male,78.118.213.34,6/11/2017
Ali,Gheeorghie,agheeorghienu@samsung.com,Female,27.229.222.215,7/28/2017
Ephraim,Bugbird,ebugbirdnv@shinystat.com,Male,100.60.205.147,4/15/2017
Carolan,Haverty,chavertynw@yelp.com,Female,5.35.250.72,9/24/2017
Jeramie,Burleton,jburletonnx@harvard.edu,Male,167.232.112.116,6/28/2017
Jaine,Lugton,jlugtonny@constantcontact.com,Female,91.195.127.93,1/11/2018
Francklin,Wickham,fwickhamnz@cnn.com,Male,218.136.3.138,6/14/2017
Wye,Mackneis,wmackneiso0@scribd.com,Male,123.48.81.225,2/4/2017
Jess,Kleiser,jkleisero1@netlog.com,Male,165.70.80.100,12/11/2017
Virginia,Peiro,vpeiroo2@chron.com,Female,44.185.224.44,1/9/2018
Ruthanne,Marder,rmardero3@cbc.ca,Female,123.188.91.7,12/12/2017
Vita,Dalling,vdallingo4@goo.gl,Female,99.58.34.244,5/17/2017
Sandie,Lodin,slodino5@moonfruit.com,Female,104.186.169.23,5/14/2017
Gloria,Izhaky,gizhakyo6@theguardian.com,Female,200.23.103.166,10/10/2017
Symon,Dudlestone,sdudlestoneo7@shareasale.com,Male,246.200.255.192,6/24/2017
George,Mansion,gmansiono8@usda.gov,Male,175.173.230.104,1/25/2018
Cassey,Duffil,cduffilo9@wordpress.org,Female,167.252.97.78,11/26/2017
Thomasine,Clarkson,tclarksonoa@topsy.com,Female,111.16.108.88,10/25/2017
Mendel,Germann,mgermannob@wufoo.com,Male,231.76.32.211,1/25/2018
Ambrosius,Kuna,akunaoc@tiny.cc,Male,51.124.64.204,7/12/2017
Murry,Truett,mtruettod@squidoo.com,Male,245.236.85.15,7/10/2017
Rowen,Ruppelin,rruppelinoe@pagesperso-orange.fr,Male,115.126.189.194,2/9/2017
Siusan,Lafflin,slafflinof@i2i.jp,Female,126.233.150.49,9/9/2017
Angela,Kollas,akollasog@va.gov,Female,15.4.158.129,8/12/2017
Alex,Delgadillo,adelgadillooh@t-online.de,Male,95.242.127.27,1/21/2018
Dwain,Calfe,dcalfeoi@thetimes.co.uk,Male,79.165.132.95,5/5/2017
Greggory,Whitwell,gwhitwelloj@spotify.com,Male,61.2.78.121,10/26/2017
Nye,Korbmaker,nkorbmakerok@spiegel.de,Male,93.194.119.95,1/15/2018
Shannan,Welford,swelfordol@homestead.com,Male,93.236.173.69,1/17/2018
Carver,Jacqueminet,cjacqueminetom@mayoclinic.com,Male,157.12.251.206,11/11/2017
Carroll,Triggel,ctriggelon@sfgate.com,Male,231.32.51.75,10/9/2017
Sigismondo,Godar,sgodaroo@wikispaces.com,Male,130.216.16.12,8/22/2017
Maurizia,Grindlay,mgrindlayop@amazon.de,Female,212.57.126.95,8/24/2017
Sarita,Etteridge,setteridgeoq@cloudflare.com,Female,138.5.79.49,3/11/2017
Crissie,Fullilove,cfulliloveor@multiply.com,Female,216.33.107.235,2/24/2017
Aveline,Isakovitch,aisakovitchos@oaic.gov.au,Female,194.122.144.94,4/10/2017
Malvin,Playfoot,mplayfootot@bbc.co.uk,Male,157.237.253.186,3/8/2017
Adey,Escalero,aescaleroou@marketwatch.com,Female,33.180.11.181,9/16/2017
Flint,Jovicevic,fjovicevicov@usda.gov,Male,243.118.68.247,9/5/2017
Eugine,Bettam,ebettamow@yahoo.co.jp,Female,40.223.40.28,2/14/2017
Benedicto,Ceeley,bceeleyox@elegantthemes.com,Male,235.141.62.228,8/10/2017
Kasey,Slipper,kslipperoy@icio.us,Female,196.72.79.4,4/7/2017
Ericha,Purver,epurveroz@rediff.com,Female,181.194.23.112,8/14/2017
Lukas,Klimecki,lklimeckip0@opensource.org,Male,52.169.55.188,9/1/2017
Dario,Hallsworth,dhallsworthp1@mysql.com,Male,5.151.232.229,10/13/2017
Sofia,Croston,scrostonp2@dell.com,Female,247.188.45.180,1/15/2018
Lisette,Slemming,lslemmingp3@netscape.com,Female,139.106.103.53,8/29/2017
Chick,Ship,cshipp4@senate.gov,Male,223.174.118.56,11/5/2017
Genna,Pedersen,gpedersenp5@soup.io,Female,49.255.73.55,1/3/2018
Dorthy,Tharme,dtharmep6@topsy.com,Female,173.75.186.238,2/4/2017
Phillie,Streat,pstreatp7@t.co,Female,65.144.24.127,12/23/2017
Lindie,Pardey,lpardeyp8@theguardian.com,Female,193.248.242.129,2/3/2017
Murry,Gundrey,mgundreyp9@fastcompany.com,Male,253.89.40.136,4/25/2017
Nolan,Secretan,nsecretanpa@spiegel.de,Male,152.254.30.250,8/13/2017
Jan,Lorrie,jlorriepb@wix.com,Female,0.150.29.174,11/20/2017
Mari,Joslyn,mjoslynpc@jigsy.com,Female,225.31.65.34,10/14/2017
Rubin,Salaman,rsalamanpd@yolasite.com,Male,188.204.90.163,10/16/2017
Herschel,Castanone,hcastanonepe@spiegel.de,Male,162.2.86.16,8/18/2017
Minette,Roof,mroofpf@upenn.edu,Female,157.51.118.82,9/18/2017
Emilio,Bamlett,ebamlettpg@github.io,Male,224.165.132.160,5/2/2017
Lexy,Yuryichev,lyuryichevph@networksolutions.com,Female,31.15.207.126,6/17/2017
Myrle,Oehme,moehmepi@google.es,Female,133.232.47.80,6/8/2017
Annecorinne,Kerne,akernepj@liveinternet.ru,Female,64.55.25.80,6/22/2017
Porty,Sheehan,psheehanpk@guardian.co.uk,Male,186.138.16.63,8/30/2017
Warde,Edmenson,wedmensonpl@illinois.edu,Male,241.93.36.149,4/7/2017
Genovera,Ghidelli,gghidellipm@php.net,Female,11.98.83.111,4/28/2017
Marshal,Canadine,mcanadinepn@yahoo.co.jp,Male,1.106.173.58,6/19/2017
Vivianna,Lesaunier,vlesaunierpo@cbsnews.com,Female,244.53.158.236,4/20/2017
Franny,Barford,fbarfordpp@abc.net.au,Male,176.192.194.139,10/18/2017
Ira,Augie,iaugiepq@yellowpages.com,Female,223.76.208.39,4/5/2017
Ferris,Dany,fdanypr@cam.ac.uk,Male,87.211.87.181,11/19/2017
Brander,Sonley,bsonleyps@deviantart.com,Male,93.180.43.152,8/15/2017
Darcy,Ragat,dragatpt@soup.io,Female,82.92.128.150,8/18/2017
Rona,Sitwell,rsitwellpu@ask.com,Female,3.233.31.253,5/26/2017
Gertrudis,Dennington,gdenningtonpv@seattletimes.com,Female,23.20.1.212,6/25/2017
Timi,Heaton,theatonpw@hao123.com,Female,159.27.162.61,12/24/2017
Hermina,Wardrope,hwardropepx@netscape.com,Female,117.192.141.61,3/29/2017
Lauren,Riggert,lriggertpy@printfriendly.com,Male,157.218.9.36,12/3/2017
Nady,Farland,nfarlandpz@yahoo.co.jp,Female,204.182.45.52,6/18/2017
Daffie,McNaughton,dmcnaughtonq0@bloglovin.com,Female,26.181.101.206,4/4/2017
Hamid,Pierson,hpiersonq1@xing.com,Male,100.149.106.142,6/12/2017
Robbie,Tremblett,rtremblettq2@ca.gov,Male,176.233.60.155,8/30/2017
Yehudi,Blasgen,yblasgenq3@shareasale.com,Male,156.159.139.136,3/28/2017
Jakie,Addis,jaddisq4@usgs.gov,Male,66.222.77.68,5/4/2017
Dewain,Canon,dcanonq5@dell.com,Male,114.9.229.227,3/22/2017
Cameron,Giraldo,cgiraldoq6@cornell.edu,Male,100.82.247.234,6/27/2017
Annamarie,Dowley,adowleyq7@senate.gov,Female,251.83.105.136,7/20/2017
Judi,Pasfield,jpasfieldq8@cnbc.com,Female,169.127.65.149,2/23/2017
Verne,Jone,vjoneq9@usatoday.com,Male,228.74.84.212,11/8/2017
Angeli,Robiot,arobiotqa@amazon.co.jp,Male,242.242.62.228,12/8/2017
Berni,Moulin,bmoulinqb@parallels.com,Female,123.134.227.167,12/28/2017
Lyon,Blacker,lblackerqc@boston.com,Male,217.188.126.168,6/3/2017
Karena,Tibbs,ktibbsqd@soup.io,Female,164.230.237.164,6/6/2017
Arabelle,Pendleberry,apendleberryqe@admin.ch,Female,235.206.12.184,5/19/2017
Phyllis,McBeath,pmcbeathqf@yelp.com,Female,240.224.39.39,11/2/2017
Johannah,Bensusan,jbensusanqg@blogs.com,Female,157.109.205.42,1/25/2018
Henrieta,Claesens,hclaesensqh@mapy.cz,Female,173.146.111.235,11/7/2017
Cari,Casewell,ccasewellqi@hugedomains.com,Female,242.232.172.191,2/17/2017
Elliot,Mcsarry,emcsarryqj@nytimes.com,Male,189.1.99.190,4/1/2017
Oralle,Dericot,odericotqk@china.com.cn,Female,198.47.152.246,2/12/2017
Elisabeth,Enrico,eenricoql@jalbum.net,Female,163.74.54.171,8/29/2017
Mellie,Malafe,mmalafeqm@nbcnews.com,Female,120.227.179.147,10/3/2017
Annabelle,Greggersen,agreggersenqn@jugem.jp,Female,146.235.112.144,3/12/2017
Gray,Oki,gokiqo@bluehost.com,Female,213.191.162.223,4/19/2017
Jan,Nardrup,jnardrupqp@usgs.gov,Female,40.14.78.193,1/17/2018
Teddy,Suett,tsuettqq@huffingtonpost.com,Male,87.251.18.132,4/5/2017
Bronson,Kield,bkieldqr@wikimedia.org,Male,150.15.83.132,1/1/2018
Adriena,MacCaughey,amaccaugheyqs@google.com.au,Female,242.5.205.253,11/13/2017
Farr,Lamball,flamballqt@discuz.net,Male,102.150.192.151,10/8/2017
Roda,Karolyi,rkarolyiqu@tiny.cc,Female,119.224.169.21,10/16/2017
Roseanne,Lisimore,rlisimoreqv@jimdo.com,Female,158.223.110.60,10/29/2017
Clovis,Tonry,ctonryqw@bbc.co.uk,Female,31.155.193.146,3/12/2017
Jaymie,Atcheson,jatchesonqx@unc.edu,Male,216.237.175.129,4/23/2017
Fulvia,Ebbotts,febbottsqy@japanpost.jp,Female,84.195.225.120,2/25/2017
Marmaduke,McDermott,mmcdermottqz@utexas.edu,Male,138.121.121.136,7/1/2017
Brynn,Swansbury,bswansburyr0@trellian.com,Female,22.23.53.123,2/5/2017
Arv,Chivrall,achivrallr1@dailymail.co.uk,Male,224.161.213.250,9/30/2017
Maureene,Yemm,myemmr2@liveinternet.ru,Female,37.179.208.168,5/24/2017
Tammara,Gallanders,tgallandersr3@phpbb.com,Female,244.111.188.44,12/13/2017
Sterling,Linstead,slinsteadr4@addthis.com,Male,180.173.228.36,2/17/2017
Rawley,Urlin,rurlinr5@joomla.org,Male,231.223.51.6,11/18/2017
Brandise,Salmons,bsalmonsr6@si.edu,Female,175.217.64.114,4/3/2017
Leigh,Andrewartha,landrewarthar7@irs.gov,Male,180.133.85.118,12/30/2017
Jarrett,Gadsby,jgadsbyr8@ft.com,Male,242.44.229.212,3/5/2017
Maximilian,Horbath,mhorbathr9@wordpress.com,Male,60.236.20.170,2/5/2017
Leland,Bakes,lbakesra@360.cn,Female,139.149.74.227,3/19/2017
Lindsay,Lemmers,llemmersrb@cocolog-nifty.com,Male,150.254.149.216,9/19/2017
Constantia,Saladin,csaladinrc@webmd.com,Female,200.72.126.243,6/16/2017
Julianna,Morehall,jmorehallrd@cocolog-nifty.com,Female,17.129.66.138,4/5/2017
Jodi,Arundell,jarundellre@google.es,Male,190.200.165.163,1/8/2018
Eileen,Scogings,escogingsrf@hp.com,Female,251.118.135.114,10/4/2017
Welbie,Huet,whuetrg@moonfruit.com,Male,18.173.100.134,10/14/2017
Jamesy,Davidy,jdavidyrh@symantec.com,Male,251.221.226.172,1/17/2018
Jamill,Sproson,jsprosonri@scientificamerican.com,Male,230.89.92.28,4/25/2017
Tamarra,Meenehan,tmeenehanrj@imgur.com,Female,183.16.72.158,6/23/2017
Aurie,Andreacci,aandreaccirk@shareasale.com,Female,220.12.125.59,12/11/2017
Ranice,Doodson,rdoodsonrl@ihg.com,Female,145.21.234.105,5/21/2017
Blanche,Neicho,bneichorm@loc.gov,Female,80.156.115.114,6/16/2017
Antonina,Braam,abraamrn@statcounter.com,Female,48.147.132.52,4/22/2017
Perla,Cramphorn,pcramphornro@reddit.com,Female,35.27.165.160,8/23/2017
Pia,Martensen,pmartensenrp@sciencedaily.com,Female,159.89.202.45,12/5/2017
Dix,Lorenc,dlorencrq@cmu.edu,Female,214.6.165.134,4/5/2017
Kippie,Woodwing,kwoodwingrr@cocolog-nifty.com,Male,70.1.34.155,2/7/2017
Ezequiel,Livingstone,elivingstone0@artisteer.com,Male,31.37.248.238,2/27/2017
Ingaborg,Hoxey,ihoxey1@usa.gov,Female,93.85.146.194,5/3/2017
Donna,Ccomini,dccomini2@ft.com,Female,192.246.203.59,3/3/2017
Derrick,Dorgon,ddorgon3@artisteer.com,Male,218.36.188.112,7/11/2017
Birgitta,Allsop,ballsop4@cnn.com,Female,163.88.166.243,1/15/2018
Gil,Romaines,gromaines5@bigcartel.com,Male,34.157.75.95,2/20/2017
Cletus,Alvarez,calvarez6@hubpages.com,Male,138.254.232.75,4/14/2017
Karlene,Offin,koffin7@sbwire.com,Female,147.154.34.236,12/21/2017
Ealasaid,Baribal,ebaribal8@eepurl.com,Female,1.48.117.144,4/1/2017
Dag,Costock,dcostock9@rediff.com,Male,173.196.171.166,4/4/2017
Dasie,Medway,dmedwaya@artisteer.com,Female,96.19.125.190,8/11/2017
Courtenay,Espinola,cespinolab@ftc.gov,Female,220.166.132.180,9/17/2017
Ennis,Trevithick,etrevithickc@mapquest.com,Male,188.170.68.94,7/12/2017
Kip,Pfeffer,kpfefferd@rambler.ru,Female,101.61.73.9,11/23/2017
Barrett,Poltone,bpoltonee@360.cn,Male,42.43.191.81,10/30/2017
Jasmine,Rudland,jrudlandf@last.fm,Female,242.29.124.123,10/21/2017
Nobe,Songist,nsongistg@wikimedia.org,Male,172.82.22.163,7/5/2017
Durward,Guerreiro,dguerreiroh@linkedin.com,Male,41.177.0.192,1/18/2018
Simeon,Attenbrow,sattenbrowi@vkontakte.ru,Male,91.245.134.114,1/7/2018
Felicdad,Veitch,fveitchj@tiny.cc,Female,88.73.123.205,3/16/2017
Pinchas,Reisen,preisenk@webmd.com,Male,163.113.173.44,11/17/2017
Aldo,Schober,aschoberl@comcast.net,Male,130.72.233.97,11/15/2017
Salli,Bonus,sbonusm@gov.uk,Female,108.222.161.92,12/18/2017
Rubi,Wickersley,rwickersleyn@zimbio.com,Female,123.76.81.75,5/29/2017
Waring,Yaus,wyauso@multiply.com,Male,28.4.233.247,10/26/2017
Joy,Borlease,jborleasep@wikispaces.com,Female,167.153.35.227,5/17/2017
Aron,Killimister,akillimisterq@omniture.com,Male,185.197.45.216,10/20/2017
Jackquelin,Dericut,jdericutr@merriam-webster.com,Female,123.171.232.28,12/1/2017
Orelia,Rollingson,orollingsons@ft.com,Female,100.206.179.247,4/20/2017
Annaliese,Posthill,aposthillt@globo.com,Female,255.93.51.34,10/12/2017
Naomi,McDugal,nmcdugalu@sina.com.cn,Female,75.209.234.196,12/18/2017
Kaspar,Wynne,kwynnev@vinaora.com,Male,94.157.209.63,6/8/2017
Caroljean,Custance,ccustancew@fastcompany.com,Female,116.140.197.157,2/12/2017
Smith,Cockell,scockellx@omniture.com,Male,88.28.87.157,6/6/2017
Hobard,Scirman,hscirmany@alexa.com,Male,253.181.95.16,2/28/2017
Florinda,Weekly,fweeklyz@craigslist.org,Female,202.32.66.63,7/6/2017
Brenden,Mangin,bmangin10@cdc.gov,Male,118.199.156.103,4/15/2017
Emile,Antyshev,eantyshev11@hp.com,Male,127.195.15.160,3/23/2017
Jerrilyn,Callum,jcallum12@thetimes.co.uk,Female,178.240.169.164,7/18/2017
Mechelle,Coulthart,mcoulthart13@bravesites.com,Female,197.205.254.34,7/23/2017
Vivyan,Cressy,vcressy14@globo.com,Female,201.18.126.192,4/7/2017
Rowland,Grishanov,rgrishanov15@reference.com,Male,165.62.92.73,3/22/2017
Harriot,Sheran,hsheran16@cbc.ca,Female,253.78.46.102,1/14/2018
Dennie,Burdass,dburdass17@1688.com,Male,166.57.234.237,4/23/2017
Moishe,Ching,mching18@npr.org,Male,14.98.65.7,1/14/2018
Bobbie,Fitzjohn,bfitzjohn19@msn.com,Male,131.67.119.11,11/27/2017
Alexandre,Roon,aroon1a@phpbb.com,Male,135.196.136.4,6/17/2017
Melita,Ashford,mashford1b@ameblo.jp,Female,217.62.196.89,7/18/2017
Lucien,Bamsey,lbamsey1c@e-recht24.de,Male,216.46.2.99,6/14/2017
Von,Veasey,vveasey1d@ftc.gov,Male,187.43.36.58,2/4/2017
Shel,Raiman,sraiman1e@eventbrite.com,Female,132.26.10.107,7/15/2017
Berky,McPheat,bmcpheat1f@hhs.gov,Male,7.255.156.107,4/18/2017
Joey,Puve,jpuve1g@ftc.gov,Male,94.228.96.3,9/19/2017
Malynda,Borrowman,mborrowman1h@technorati.com,Female,247.158.25.111,4/22/2017
Dirk,Cowdery,dcowdery1i@samsung.com,Male,112.221.15.119,3/2/2017
Basilio,Storie,bstorie1j@techcrunch.com,Male,6.9.210.214,5/31/2017
Ray,Scothron,rscothron1k@mysql.com,Male,201.167.28.117,7/11/2017
Shellie,Brisson,sbrisson1l@archive.org,Female,185.187.139.176,12/24/2017
Dominique,MacMenamy,dmacmenamy1m@booking.com,Male,87.172.12.70,8/14/2017
Hayes,Dance,hdance1n@seattletimes.com,Male,36.45.100.32,10/2/2017
Hedwiga,Brelsford,hbrelsford1o@mayoclinic.com,Female,184.15.248.122,2/25/2017
Joane,Canto,jcanto1p@cafepress.com,Female,70.48.54.205,11/24/2017
Geri,Dulanty,gdulanty1q@wsj.com,Female,223.84.143.62,1/27/2018
Carmel,Eringey,ceringey1r@hc360.com,Female,20.95.252.185,2/23/2017
Camala,Saylor,csaylor1s@printfriendly.com,Female,46.243.149.200,3/14/2017
Mel,Stainton - Skinn,mstaintonskinn1t@howstuffworks.com,Female,55.174.114.88,11/7/2017
Adelle,Rudderham,arudderham1u@elegantthemes.com,Female,189.94.220.223,8/5/2017
Shauna,Frascone,sfrascone1v@constantcontact.com,Female,68.114.14.209,9/16/2017
Samuele,Hardistry,shardistry1w@huffingtonpost.com,Male,18.143.145.18,2/12/2017
Clair,Minnette,cminnette1x@phpbb.com,Male,209.197.9.60,6/14/2017
Alyce,Cardello,acardello1y@craigslist.org,Female,172.78.174.220,6/10/2017
Bertrando,Sheron,bsheron1z@wikispaces.com,Male,207.186.157.65,11/20/2017
Cherlyn,Dallewater,cdallewater20@creativecommons.org,Female,157.44.166.45,7/2/2017
Giacopo,Hancell,ghancell21@arstechnica.com,Male,51.120.133.43,5/2/2017
Lewie,Mearns,lmearns22@technorati.com,Male,201.106.166.190,10/28/2017
Pepi,Jakuszewski,pjakuszewski23@eventbrite.com,Female,251.131.148.134,2/15/2017
Shaun,Cornell,scornell24@vistaprint.com,Male,112.236.253.90,6/9/2017
Drugi,Hendonson,dhendonson25@marriott.com,Male,19.217.156.50,9/21/2017
Leroy,Robotham,lrobotham26@parallels.com,Male,49.17.153.173,1/18/2018
Mikol,McCreagh,mmccreagh27@booking.com,Male,67.122.115.7,1/11/2018
Shoshana,Boast,sboast28@hao123.com,Female,168.151.227.255,10/28/2017
Denice,Pegg,dpegg29@nydailynews.com,Female,151.189.125.72,5/13/2017
Angelina,McPhillimey,amcphillimey2a@opensource.org,Female,107.216.244.165,12/15/2017
Myrtia,Steel,msteel2b@comsenz.com,Female,202.53.73.108,11/5/2017
Linnea,Rodie,lrodie2c@themeforest.net,Female,151.56.112.125,12/24/2017
Dix,Gudge,dgudge2d@cbc.ca,Female,5.180.121.221,8/10/2017
Cozmo,Drury,cdrury2e@tumblr.com,Male,85.96.64.211,3/30/2017
Cristiano,Ficken,cficken2f@google.cn,Male,154.182.94.121,6/5/2017
Syman,Fuge,sfuge2g@google.co.uk,Male,67.252.234.211,3/3/2017
Salvidor,Aymer,saymer2h@weebly.com,Male,40.239.201.208,3/20/2017
Alicia,Shurey,ashurey2i@phoca.cz,Female,37.142.79.223,7/13/2017
Devland,Tuffs,dtuffs2j@mlb.com,Male,238.73.206.250,8/9/2017
Dunn,Ashborn,dashborn2k@earthlink.net,Male,59.223.228.91,8/15/2017
Miner,Cucinotta,mcucinotta2l@facebook.com,Male,133.142.90.13,11/10/2017
Boote,Faers,bfaers2m@360.cn,Male,177.222.121.36,11/25/2017
Torr,Profit,tprofit2n@a8.net,Male,137.170.170.124,9/26/2017
Ema,Penddreth,ependdreth2o@hatena.ne.jp,Female,83.135.253.49,6/1/2017
Durand,Piell,dpiell2p@narod.ru,Male,171.87.236.55,9/25/2017
Em,Beachamp,ebeachamp2q@samsung.com,Male,215.161.214.144,2/2/2017
Rowena,d'Arcy,rdarcy2r@pen.io,Female,17.237.116.30,11/27/2017
Clarine,Lawley,clawley2s@europa.eu,Female,61.142.119.55,4/20/2017
Cherey,Penni,cpenni2t@t.co,Female,130.8.10.159,6/9/2017
Dulcy,Semiraz,dsemiraz2u@woothemes.com,Female,227.93.191.150,4/3/2017
Donal,Meegan,dmeegan2v@constantcontact.com,Male,35.175.187.224,4/10/2017
Damaris,Cuttelar,dcuttelar2w@mashable.com,Female,75.148.92.145,8/19/2017
Rouvin,Braidman,rbraidman2x@cafepress.com,Male,170.235.254.112,3/29/2017
Gusella,Denyakin,gdenyakin2y@ycombinator.com,Female,220.233.21.166,5/1/2017
Judas,Cawker,jcawker2z@vistaprint.com,Male,49.190.139.230,12/1/2017
Richy,Flanne,rflanne30@umich.edu,Male,123.94.164.143,8/18/2017
Mercie,Ripping,mripping31@intel.com,Female,255.171.207.208,5/3/2017
Ofella,Hedditch,ohedditch32@cbslocal.com,Female,160.70.223.166,1/3/2018
Pansy,Baude,pbaude33@omniture.com,Female,25.26.6.243,10/14/2017
Laraine,De Angelis,ldeangelis34@examiner.com,Female,50.49.254.105,8/30/2017
Iorgos,Jerdein,ijerdein35@163.com,Male,61.144.197.127,9/22/2017
Allis,Lankester,alankester36@qq.com,Female,154.255.53.123,6/7/2017
Michaella,Gall,mgall37@shop-pro.jp,Female,185.118.194.203,12/30/2017
Elsie,Carde,ecarde38@simplemachines.org,Female,55.66.222.136,8/13/2017
Eward,Hainey,ehainey39@umich.edu,Male,122.43.201.247,1/22/2018
Tarrance,Kitteringham,tkitteringham3a@economist.com,Male,109.197.242.26,6/8/2017
Rodie,Powlett,rpowlett3b@sciencedirect.com,Female,233.40.122.124,4/16/2017
Anissa,Erie,aerie3c@amazon.co.jp,Female,120.102.166.29,12/23/2017
Grete,Faulkner,gfaulkner3d@sfgate.com,Female,175.137.132.35,6/3/2017
Heindrick,Staggs,hstaggs3e@squidoo.com,Male,196.238.222.43,11/22/2017
Pia,Glanders,pglanders3f@ted.com,Female,83.110.180.176,2/27/2017
Gaylene,Woodrow,gwoodrow3g@123-reg.co.uk,Female,187.208.114.187,8/16/2017
Arabele,Pennoni,apennoni3h@cmu.edu,Female,198.109.88.208,10/12/2017
Emelita,Khomin,ekhomin3i@ifeng.com,Female,164.13.133.203,3/1/2017
Verna,Antognetti,vantognetti3j@wunderground.com,Female,207.213.255.160,2/18/2017
Matthiew,Greenley,mgreenley3k@mtv.com,Male,58.164.1.44,3/7/2017
Huntley,Stiven,hstiven3l@answers.com,Male,45.106.179.114,11/20/2017
Christoforo,Gratton,cgratton3m@nydailynews.com,Male,109.251.59.100,7/22/2017
Willi,Sharman,wsharman3n@phpbb.com,Female,184.56.42.249,1/11/2018
Fayth,Redmond,fredmond3o@si.edu,Female,205.50.124.139,2/19/2017
Guendolen,Kinzel,gkinzel3p@icq.com,Female,133.125.87.29,6/19/2017
Aloise,Willshere,awillshere3q@google.ru,Female,104.7.166.221,6/8/2017
Inglis,Guilloton,iguilloton3r@unesco.org,Male,68.87.206.135,12/24/2017
Ulberto,Noone,unoone3s@bluehost.com,Male,112.183.100.255,7/2/2017
Windham,McGavigan,wmcgavigan3t@howstuffworks.com,Male,87.84.96.64,3/2/2017
Simon,Zukierman,szukierman3u@house.gov,Male,228.143.107.159,9/24/2017
Jason,Toulson,jtoulson3v@merriam-webster.com,Male,63.180.3.156,5/16/2017
Alanah,Ciric,aciric3w@miitbeian.gov.cn,Female,177.35.239.87,2/21/2017
Dana,Phelips,dphelips3x@studiopress.com,Female,253.118.220.71,5/19/2017
Michaeline,Taye,mtaye3y@ow.ly,Female,217.187.202.189,5/4/2017
Valaria,Yeoland,vyeoland3z@pcworld.com,Female,57.127.243.176,11/11/2017
Milty,Richarson,mricharson40@miitbeian.gov.cn,Male,151.29.96.33,9/8/2017
Sisely,MacGuigan,smacguigan41@yahoo.com,Female,222.226.205.147,5/29/2017
Lenee,Thames,lthames42@businesswire.com,Female,135.11.153.78,1/8/2018
Merry,Keedy,mkeedy43@gnu.org,Male,126.237.151.92,5/23/2017
Bronson,Copland,bcopland44@cyberchimps.com,Male,112.250.73.191,6/25/2017
Xenia,Getcliff,xgetcliff45@ucoz.ru,Female,84.68.235.72,3/30/2017
Christabella,Heaslip,cheaslip46@goodreads.com,Female,61.44.242.150,7/25/2017
Bel,Deveral,bdeveral47@umn.edu,Female,223.23.149.1,4/29/2017
Carl,Liver,cliver48@github.com,Male,255.168.100.36,7/1/2017
Amanda,Joberne,ajoberne49@toplist.cz,Female,130.139.242.72,9/28/2017
Emmott,Catford,ecatford4a@ehow.com,Male,163.89.8.103,11/15/2017
Zilvia,Tandey,ztandey4b@google.com,Female,207.50.234.211,5/10/2017
Raynell,Grinishin,rgrinishin4c@narod.ru,Female,144.148.108.4,11/1/2017
Marietta,Havoc,mhavoc4d@so-net.ne.jp,Male,174.2.60.192,11/5/2017
Ralph,Pierce,rpierce4e@t.co,Male,113.83.255.102,4/17/2017
Helsa,Beech,hbeech4f@ning.com,Female,43.83.176.74,5/19/2017
Adore,Norville,anorville4g@merriam-webster.com,Female,136.62.144.239,2/10/2017
Tiebout,Parmiter,tparmiter4h@moonfruit.com,Male,59.112.82.39,9/15/2017
Brande,Hansberry,bhansberry4i@yandex.ru,Female,196.197.134.167,8/19/2017
Gina,Willcot,gwillcot4j@shop-pro.jp,Female,197.184.141.169,11/30/2017
Jens,Fliege,jfliege4k@sakura.ne.jp,Male,86.20.98.0,11/18/2017
Ora,Shields,oshields4l@cbsnews.com,Female,204.35.18.228,11/30/2017
Jesse,Grigg,jgrigg4m@so-net.ne.jp,Male,109.90.121.142,8/23/2017
Sonni,Potten,spotten4n@sohu.com,Female,60.111.202.195,10/18/2017
Irwinn,Minchi,iminchi4o@1688.com,Male,239.122.77.137,10/2/2017
Filberte,Kubek,fkubek4p@purevolume.com,Male,229.143.88.210,4/21/2017
Isacco,Sealey,isealey4q@europa.eu,Male,242.250.155.92,7/26/2017
Legra,Lakenton,llakenton4r@bluehost.com,Female,238.18.77.222,6/19/2017
Waylin,Ivanchenkov,wivanchenkov4s@so-net.ne.jp,Male,2.72.187.178,10/7/2017
Yasmeen,Raistrick,yraistrick4t@github.io,Female,27.147.38.86,9/27/2017
Rosanne,Fishbie,rfishbie4u@mysql.com,Female,62.194.209.196,4/11/2017
Aleece,McCrum,amccrum4v@vkontakte.ru,Female,129.138.52.219,8/9/2017
Elsinore,Cush,ecush4w@adobe.com,Female,14.158.207.7,2/27/2017
Blair,Shepeard,bshepeard4x@smugmug.com,Female,244.147.64.240,12/6/2017
Edmund,Pischoff,epischoff4y@scientificamerican.com,Male,137.75.23.20,3/23/2017
Clair,Tottie,ctottie4z@buzzfeed.com,Male,23.204.71.63,10/19/2017
Sapphire,Sylvaine,ssylvaine50@archive.org,Female,10.111.91.29,7/30/2017
Greta,Linfoot,glinfoot51@goo.ne.jp,Female,95.97.199.185,1/8/2018
Flin,Winfindale,fwinfindale52@hatena.ne.jp,Male,255.5.116.95,7/7/2017
Mattie,Ferraretto,mferraretto53@amazon.co.jp,Male,65.217.104.234,11/1/2017
Freddy,Lyttle,flyttle54@icq.com,Male,158.64.160.101,10/19/2017
Gates,Obbard,gobbard55@weather.com,Female,159.214.226.131,1/25/2018
Ellen,Mounfield,emounfield56@irs.gov,Female,204.0.71.43,3/6/2017
Marcellina,Reinbech,mreinbech57@storify.com,Female,62.212.3.219,7/8/2017
Vevay,Thairs,vthairs58@google.nl,Female,169.65.63.63,9/13/2017
Ginevra,MacVagh,gmacvagh59@dion.ne.jp,Female,84.228.84.70,9/23/2017
Jamal,Bakey,jbakey5a@squidoo.com,Male,193.37.87.77,9/13/2017
Halsy,Potte,hpotte5b@wisc.edu,Male,174.79.42.168,2/27/2017
Arline,Harrema,aharrema5c@tmall.com,Female,78.125.247.79,3/2/2017
Celinka,Lyptratt,clyptratt5d@japanpost.jp,Female,249.246.88.177,7/12/2017
Hayden,De Courtney,hdecourtney5e@gmpg.org,Male,156.102.40.155,3/6/2017
Shirlee,Beswick,sbeswick5f@bigcartel.com,Female,232.28.33.115,9/28/2017
Tiffany,Nardi,tnardi5g@examiner.com,Female,48.167.255.20,9/28/2017
Shaylynn,Reaper,sreaper5h@uiuc.edu,Female,21.246.216.77,10/13/2017
Giffie,Bowlands,gbowlands5i@scribd.com,Male,153.152.228.247,6/1/2017
Ossie,Gewer,ogewer5j@amazonaws.com,Male,116.16.82.77,4/16/2017
Hinda,McCorrie,hmccorrie5k@yandex.ru,Female,197.164.3.89,10/19/2017
Millisent,Wisam,mwisam5l@weather.com,Female,0.95.156.197,9/22/2017
Nicoline,Peteri,npeteri5m@utexas.edu,Female,43.54.38.149,5/1/2017
Minnnie,Cleife,mcleife5n@deliciousdays.com,Female,177.218.14.19,8/2/2017
Krisha,Sotheron,ksotheron5o@nyu.edu,Male,59.154.176.169,6/30/2017
Felisha,Gheraldi,fgheraldi5p@sourceforge.net,Female,207.108.153.252,5/6/2017
Bettine,Kilius,bkilius5q@parallels.com,Female,117.37.84.21,8/1/2017
Helene,Croson,hcroson5r@cyberchimps.com,Female,136.11.210.55,10/23/2017
Celestina,Filliskirk,cfilliskirk5s@behance.net,Female,237.131.44.167,8/24/2017
Ralph,Rosenauer,rrosenauer5t@thetimes.co.uk,Male,185.35.134.12,4/6/2017
Nathaniel,Barns,nbarns5u@rediff.com,Male,137.155.29.130,10/30/2017
Wadsworth,Rameaux,wrameaux5v@theatlantic.com,Male,95.234.168.216,9/9/2017
Ray,Sweetman,rsweetman5w@t-online.de,Female,113.191.161.202,11/5/2017
Cameron,Kinnar,ckinnar5x@gnu.org,Male,55.176.166.5,9/7/2017
Paulo,Hardwick,phardwick5y@cafepress.com,Male,165.190.192.14,2/6/2017
Gay,Pallaske,gpallaske5z@networksolutions.com,Male,7.217.218.236,5/13/2017
Aurora,Danniel,adanniel60@google.co.uk,Female,126.64.142.7,7/8/2017
Valaria,Levy,vlevy61@hexun.com,Female,71.7.145.35,4/5/2017
Base,Tilson,btilson62@eepurl.com,Male,204.48.101.177,8/3/2017
Emelina,Meaker,emeaker63@mlb.com,Female,169.165.10.73,3/19/2017
Leanna,Loughhead,lloughhead64@engadget.com,Female,229.76.207.194,3/9/2017
Tarrance,Sighard,tsighard65@salon.com,Male,175.0.10.169,7/7/2017
Rolfe,Cossey,rcossey66@nytimes.com,Male,182.113.113.144,6/26/2017
Harv,Steiner,hsteiner67@techcrunch.com,Male,168.46.126.235,5/13/2017
Dale,Kadd,dkadd68@cbsnews.com,Male,159.247.130.85,12/30/2017
Temple,Shuxsmith,tshuxsmith69@alibaba.com,Male,200.36.199.165,2/10/2017
Sherill,Sillis,ssillis6a@ifeng.com,Female,123.127.230.120,8/1/2017
Bertrando,Moohan,bmoohan6b@360.cn,Male,48.165.157.39,10/14/2017
Grethel,Micallef,gmicallef6c@mac.com,Female,130.126.127.89,6/28/2017
Ivan,Petts,ipetts6d@goo.gl,Male,211.162.62.49,2/16/2017
Auria,Sasser,asasser6e@upenn.edu,Female,126.135.211.193,7/27/2017
Sutherland,Friedlos,sfriedlos6f@cyberchimps.com,Male,243.114.217.8,12/30/2017
Brandon,Sackes,bsackes6g@163.com,Male,139.59.121.251,1/25/2018
Thorvald,Costock,tcostock6h@unc.edu,Male,216.46.35.233,1/16/2018
Shandra,Ianne,sianne6i@biblegateway.com,Female,66.199.130.124,5/3/2017
Jolene,Cowell,jcowell6j@wiley.com,Female,164.0.179.5,10/5/2017
Candis,MacGaughey,cmacgaughey6k@bigcartel.com,Female,135.226.157.99,4/7/2017
Ringo,Brodbin,rbrodbin6l@example.com,Male,217.16.33.50,1/4/2018
Liva,Goodyear,lgoodyear6m@webmd.com,Female,230.192.155.10,4/21/2017
Kally,Hannum,khannum6n@yahoo.com,Female,35.178.29.63,1/21/2018
Annabel,Cowp,acowp6o@cafepress.com,Female,89.103.237.91,12/11/2017
Carissa,Harroll,charroll6p@china.com.cn,Female,148.37.157.237,5/23/2017
Dewie,Duffill,dduffill6q@wikispaces.com,Male,78.139.10.60,6/4/2017
Luce,Lackemann,llackemann6r@quantcast.com,Male,213.10.253.78,8/10/2017
Alexandr,Tomaello,atomaello6s@pbs.org,Male,48.88.168.16,11/19/2017
Koral,Theobald,ktheobald6t@nydailynews.com,Female,173.17.250.46,8/4/2017
Willie,Jessel,wjessel6u@fotki.com,Male,90.84.81.79,6/20/2017
Rockie,Jaggers,rjaggers6v@arstechnica.com,Male,197.196.139.220,8/29/2017
Andrej,Norwell,anorwell6w@hexun.com,Male,128.194.233.56,6/6/2017
Kacey,Escoffier,kescoffier6x@si.edu,Female,146.13.105.106,5/21/2017
Nonah,Pates,npates6y@mtv.com,Female,224.103.67.42,5/27/2017
Dody,Trenaman,dtrenaman6z@hud.gov,Female,151.34.222.78,5/24/2017
Raynor,McClymont,rmcclymont70@google.com.au,Male,166.146.183.207,7/24/2017
Emmott,Peasnone,epeasnone71@gnu.org,Male,166.166.25.248,9/13/2017
Patrica,Novotni,pnovotni72@bluehost.com,Female,43.82.188.19,9/29/2017
Audrie,Berrycloth,aberrycloth73@list-manage.com,Female,201.242.151.246,9/22/2017
Gherardo,Butt,gbutt74@odnoklassniki.ru,Male,87.100.83.108,1/24/2018
Gabriela,Odgers,godgers75@woothemes.com,Female,25.28.178.49,6/3/2017
Amanda,Ferne,aferne76@geocities.jp,Female,118.10.17.119,5/19/2017
Halsey,Quemby,hquemby77@yellowbook.com,Male,241.101.16.102,11/15/2017
Almeria,Lamp,alamp78@feedburner.com,Female,93.129.70.106,3/20/2017
Dannel,Sherer,dsherer79@friendfeed.com,Male,55.109.55.232,7/19/2017
Pandora,Clear,pclear7a@newsvine.com,Female,242.213.63.30,8/14/2017
Kata,Dolphin,kdolphin7b@mediafire.com,Female,113.226.163.135,5/26/2017
Pru,Madders,pmadders7c@time.com,Female,175.231.255.9,2/2/2017
Ynes,Jennens,yjennens7d@youtube.com,Female,46.47.31.112,12/4/2017
Nick,Shewen,nshewen7e@narod.ru,Male,86.120.68.31,8/22/2017
Donelle,McFetrich,dmcfetrich7f@miitbeian.gov.cn,Female,187.184.111.55,4/30/2017
Mychal,Dalwood,mdalwood7g@vimeo.com,Male,123.3.95.125,4/7/2017
Webster,Micka,wmicka7h@behance.net,Male,62.237.83.29,1/15/2018
Gracie,Eteen,geteen7i@wsj.com,Female,112.136.118.80,11/5/2017
Zebadiah,Culkin,zculkin7j@t-online.de,Male,4.166.87.225,2/12/2017
Herb,Verralls,hverralls7k@slate.com,Male,133.49.71.197,1/23/2018
Maybelle,MacGiffin,mmacgiffin7l@shop-pro.jp,Female,78.220.138.30,12/27/2017
Stanfield,Leil,sleil7m@freewebs.com,Male,52.157.93.23,6/4/2017
Kurtis,Glyne,kglyne7n@microsoft.com,Male,56.210.185.0,9/19/2017
Nicko,Reiach,nreiach7o@reference.com,Male,164.126.240.10,8/8/2017
Cloris,Bunning,cbunning7p@privacy.gov.au,Female,200.80.196.209,5/15/2017
Amity,Bill,abill7q@dagondesign.com,Female,68.23.144.76,10/21/2017
Tatiania,Chessel,tchessel7r@freewebs.com,Female,221.17.252.159,10/31/2017
Ruben,McFie,rmcfie7s@imgur.com,Male,71.91.122.57,8/21/2017
Tammara,Hender,thender7t@apache.org,Female,209.236.114.128,12/14/2017
Cybil,Mathewes,cmathewes7u@dedecms.com,Female,50.36.47.252,7/18/2017
Herta,Ebbing,hebbing7v@tripadvisor.com,Female,59.31.12.166,8/23/2017
Dasya,Hapke,dhapke7w@jigsy.com,Female,195.168.195.131,5/8/2017
Valene,Epton,vepton7x@mtv.com,Female,16.132.29.151,9/18/2017
Carlie,Curtain,ccurtain7y@senate.gov,Female,200.184.85.199,5/5/2017
Ali,Wytchard,awytchard7z@yale.edu,Male,87.55.136.20,10/21/2017
Roosevelt,Whistlecraft,rwhistlecraft80@alibaba.com,Male,88.225.126.159,3/12/2017
Barry,Juniper,bjuniper81@scribd.com,Male,142.19.255.160,6/1/2017
Eustacia,Ellison,eellison82@yandex.ru,Female,59.32.188.18,4/18/2017
Edvard,Goodman,egoodman83@cisco.com,Male,140.191.48.192,3/16/2017
Ericka,Chimes,echimes84@macromedia.com,Female,123.238.240.162,4/25/2017
Fanchon,Heaton,fheaton85@miibeian.gov.cn,Female,81.110.91.213,1/15/2018
Brenn,Escot,bescot86@elpais.com,Female,146.10.178.32,2/3/2017
Rochell,Fabbro,rfabbro87@hp.com,Female,192.231.87.126,6/5/2017
Tailor,McRamsey,tmcramsey88@nsw.gov.au,Male,225.192.74.6,10/17/2017
Zebulen,Urpeth,zurpeth89@jimdo.com,Male,77.208.199.151,7/27/2017
Janis,Baskeyfield,jbaskeyfield8a@netvibes.com,Female,126.196.242.42,3/12/2017
Tammie,Pitcaithly,tpitcaithly8b@ed.gov,Female,71.172.227.234,8/12/2017
Aloysius,Moorhead,amoorhead8c@reuters.com,Male,87.78.244.76,7/3/2017
Melony,Moubray,mmoubray8d@bbc.co.uk,Female,239.20.109.105,7/21/2017
Allyn,Cobello,acobello8e@sfgate.com,Female,6.46.31.246,1/21/2018
Manolo,Kuhl,mkuhl8f@cafepress.com,Male,211.52.171.217,5/31/2017
Anders,Jailler,ajailler8g@umich.edu,Male,59.73.132.162,12/20/2017
Had,Gillow,hgillow8h@csmonitor.com,Male,52.217.47.9,6/16/2017
Edlin,Comber,ecomber8i@indiegogo.com,Male,189.179.10.179,5/6/2017
Abbot,Presnail,apresnail8j@dion.ne.jp,Male,11.13.138.47,8/24/2017
Zsazsa,Middlemist,zmiddlemist8k@sun.com,Female,37.224.217.226,1/20/2018
Cacilia,Drysdell,cdrysdell8l@columbia.edu,Female,100.104.169.141,5/28/2017
Giselbert,Gallaher,ggallaher8m@tinyurl.com,Male,99.33.181.225,7/31/2017
Brannon,Scrowby,bscrowby8n@umn.edu,Male,151.233.69.96,10/11/2017
Constantine,Rawet,crawet8o@google.com,Female,75.250.2.127,9/13/2017
Marlo,Graber,mgraber8p@sciencedirect.com,Female,27.14.121.85,4/19/2017
Rodolfo,Van Halen,rvanhalen8q@behance.net,Male,168.50.41.61,3/10/2017
Willie,Harflete,wharflete8r@webeden.co.uk,Male,78.3.128.120,7/27/2017
Sharleen,Henzley,shenzley8s@clickbank.net,Female,74.57.79.221,4/19/2017
Heath,Bartolijn,hbartolijn8t@smh.com.au,Male,56.244.242.181,7/23/2017
Kareem,Shevlane,kshevlane8u@discovery.com,Male,143.206.57.251,2/28/2017
Vaughan,Iglesias,viglesias8v@cocolog-nifty.com,Male,135.54.225.96,4/16/2017
Marigold,Geeraert,mgeeraert8w@mysql.com,Female,254.208.34.171,4/20/2017
Adoree,Aldiss,aaldiss8x@barnesandnoble.com,Female,148.201.232.119,11/18/2017
Bryna,Biswell,bbiswell8y@reference.com,Female,87.216.104.95,6/14/2017
Koo,Ayllett,kayllett8z@about.com,Female,40.8.237.116,3/23/2017
Helen-elizabeth,Walter,hwalter90@wordpress.com,Female,226.149.253.223,4/25/2017
Shelby,Dabs,sdabs91@craigslist.org,Female,199.19.160.222,8/24/2017
Jaynell,Rathborne,jrathborne92@topsy.com,Female,183.165.32.253,6/26/2017
Berrie,Doggett,bdoggett93@is.gd,Female,8.174.90.140,3/21/2017
Simeon,Willison,swillison94@washingtonpost.com,Male,37.61.18.114,10/21/2017
Willey,Sinnat,wsinnat95@taobao.com,Male,134.171.234.65,2/20/2017
Iver,Castelluzzi,icastelluzzi96@discovery.com,Male,168.157.212.183,7/24/2017
Jesse,Fontes,jfontes97@hibu.com,Male,121.0.216.136,12/30/2017
Adamo,Izchaki,aizchaki98@soup.io,Male,157.87.132.149,12/27/2017
Aristotle,Hawket,ahawket99@harvard.edu,Male,179.171.40.60,4/1/2017
Domini,Dracey,ddracey9a@sohu.com,Female,116.197.52.72,5/29/2017
Martica,Thrush,mthrush9b@ebay.co.uk,Female,215.6.170.212,9/30/2017
Betti,Duckerin,bduckerin9c@php.net,Female,244.195.34.150,10/28/2017
Lynnet,Fothergill,lfothergill9d@myspace.com,Female,174.112.52.178,4/11/2017
Giselle,Gumbley,ggumbley9e@nifty.com,Female,10.31.93.118,9/1/2017
Rolfe,Plenderleith,rplenderleith9f@cbc.ca,Male,148.135.63.165,6/4/2017
Engelbert,Pinckney,epinckney9g@va.gov,Male,14.141.108.237,2/22/2017
Hussein,Papen,hpapen9h@java.com,Male,253.213.225.126,12/28/2017
Jerry,Joriot,jjoriot9i@yolasite.com,Male,21.245.237.148,3/3/2017
Jennette,Mordy,jmordy9j@gizmodo.com,Female,97.94.110.148,8/16/2017
Corissa,Bendley,cbendley9k@mozilla.com,Female,222.168.155.74,8/3/2017
Marshal,Dovidaitis,mdovidaitis9l@cyberchimps.com,Male,11.109.139.129,10/7/2017
Audry,Seddon,aseddon9m@homestead.com,Female,138.146.111.10,7/3/2017
Forster,Tomkinson,ftomkinson9n@cisco.com,Male,166.88.36.30,1/18/2018
Edmon,Allderidge,eallderidge9o@wsj.com,Male,0.98.217.184,9/18/2017
Sharl,Valenta,svalenta9p@walmart.com,Female,110.3.17.199,1/4/2018
Lucais,Hallgate,lhallgate0@dailymotion.com,Male,21.235.88.84,8/30/2017
Pate,Scrivener,pscrivener1@list-manage.com,Male,180.237.92.49,11/30/2017
Katrine,Faro,kfaro2@telegraph.co.uk,Female,143.90.85.151,6/16/2017
Janeva,Harker,jharker3@economist.com,Female,45.43.71.82,3/29/2017
Jeni,Durram,jdurram4@photobucket.com,Female,34.232.174.120,12/21/2017
Fanchette,Fortin,ffortin5@wsj.com,Female,26.244.101.151,11/9/2017
Beverlee,Whylie,bwhylie6@miitbeian.gov.cn,Female,189.250.71.173,2/9/2017
Chancey,Iley,ciley7@oakley.com,Male,205.148.163.91,10/25/2017
Verna,Gallahar,vgallahar8@last.fm,Female,196.171.248.227,9/6/2017
Andy,Bosquet,abosquet9@deviantart.com,Female,229.68.76.120,5/12/2017
Aileen,Islep,aislepa@dailymotion.com,Female,205.71.187.70,9/9/2017
Catina,Hale,chaleb@blogger.com,Female,71.182.19.239,1/27/2018
Gavan,Duffield,gduffieldc@technorati.com,Male,245.144.44.179,2/4/2017
Agnes,Gaskoin,agaskoind@unblog.fr,Female,227.7.151.234,1/30/2017
Locke,Yole,lyolee@phoca.cz,Male,203.174.92.178,1/23/2018
Dorree,Scarsbrook,dscarsbrookf@alibaba.com,Female,53.186.121.29,9/13/2017
Izak,Philimore,iphilimoreg@a8.net,Male,158.249.81.165,8/22/2017
Adham,Dury,aduryh@engadget.com,Male,134.158.20.178,8/3/2017
Maure,Challens,mchallensi@nifty.com,Female,58.35.29.203,12/4/2017
Hermina,Joblin,hjoblinj@columbia.edu,Female,53.147.89.62,3/23/2017
Janeczka,Carme,jcarmek@msn.com,Female,195.201.183.2,11/22/2017
Amye,Pasque,apasquel@cdbaby.com,Female,245.159.93.168,1/17/2018
Hilary,Gayle,hgaylem@51.la,Female,20.105.166.37,1/22/2018
Thatcher,Calcraft,tcalcraftn@squarespace.com,Male,216.59.170.153,11/7/2017
Ganny,Skeel,gskeelo@cbc.ca,Male,195.82.247.98,5/30/2017
Royce,Kopf,rkopfp@xrea.com,Male,244.214.14.62,12/14/2017
Stan,Kirstein,skirsteinq@pen.io,Male,248.16.156.138,11/8/2017
Eolanda,Giggie,egiggier@vkontakte.ru,Female,215.72.239.93,8/23/2017
Fabe,Tyrone,ftyrones@oakley.com,Male,84.80.229.146,8/26/2017
Linoel,MacCafferty,lmaccaffertyt@ning.com,Male,200.159.63.221,10/24/2017
Stesha,Jahnig,sjahnigu@virginia.edu,Female,221.228.219.200,7/17/2017
Melanie,Beynkn,mbeynknv@wikia.com,Female,80.44.222.248,12/12/2017
Flemming,Allington,fallingtonw@studiopress.com,Male,143.173.31.207,7/12/2017
Garrett,Shepton,gsheptonx@typepad.com,Male,10.63.88.3,2/13/2017
Saba,Pideon,spideony@huffingtonpost.com,Female,205.100.79.166,8/20/2017
Eldridge,Cristol,ecristolz@mail.ru,Male,233.23.245.218,10/5/2017
Red,Rix,rrix10@histats.com,Male,58.141.221.181,5/17/2017
Hilly,Franklyn,hfranklyn11@goodreads.com,Male,200.218.121.114,7/5/2017
Byram,Swindles,bswindles12@washington.edu,Male,109.32.36.87,7/23/2017
Nicolle,Ellard,nellard13@hp.com,Female,81.9.228.110,11/2/2017
Susana,Asken,sasken14@hud.gov,Female,104.107.190.173,6/19/2017
Quentin,Mateo,qmateo15@samsung.com,Male,186.157.87.50,5/18/2017
Haskel,Fipp,hfipp16@earthlink.net,Male,69.165.220.105,4/18/2017
Billy,Andreichik,bandreichik17@sfgate.com,Female,2.43.23.153,12/23/2017
Steffane,Cannavan,scannavan18@odnoklassniki.ru,Female,79.214.165.85,10/27/2017
Ilene,Cottham,icottham19@intel.com,Female,60.241.155.164,9/19/2017
Jeremias,Brugsma,jbrugsma1a@fda.gov,Male,160.228.208.125,6/18/2017
Brittaney,Danford,bdanford1b@wp.com,Female,73.67.152.124,1/29/2018
Gerhardt,Lambdean,glambdean1c@intel.com,Male,65.86.50.179,8/6/2017
Stacy,Camamill,scamamill1d@studiopress.com,Male,201.58.163.103,6/2/2017
Trumann,Brailey,tbrailey0@discuz.net,Male,104.53.154.223,12/15/2017
Gianni,Dy,gdy1@msn.com,Male,189.165.206.190,5/6/2017
Constantina,Winks,cwinks2@nature.com,Female,12.6.198.216,3/1/2017
Ealasaid,Andreou,eandreou3@mail.ru,Female,66.185.141.26,8/22/2017
Elsey,Dobbins,edobbins4@shinystat.com,Female,37.190.7.32,4/26/2017
Abner,Sambedge,asambedge5@opensource.org,Male,130.69.121.26,1/28/2018
Nevil,Sherlaw,nsherlaw6@privacy.gov.au,Male,154.145.233.106,3/24/2017
Clyve,McGerr,cmcgerr7@seattletimes.com,Male,133.25.152.250,1/25/2018
Ferguson,Botting,fbotting8@fema.gov,Male,2.18.9.140,6/22/2017
Uriel,Rathke,urathke9@hp.com,Male,54.120.162.234,1/13/2018
Worth,Hawkridge,whawkridgea@earthlink.net,Male,205.67.4.176,7/11/2017
Ruby,Karppi,rkarppib@clickbank.net,Male,63.200.107.13,12/4/2017
Sela,Varns,svarnsc@springer.com,Female,75.157.192.190,1/21/2018
Abra,Fliege,aflieged@telegraph.co.uk,Female,157.55.216.5,6/12/2017
Dix,Cattle,dcattlee@answers.com,Female,186.113.203.175,8/19/2017
Maressa,Battyll,mbattyllf@marriott.com,Female,172.146.48.175,7/21/2017
Elie,Callway,ecallwayg@whitehouse.gov,Female,194.227.161.231,5/14/2017
Alfons,Louis,alouish@ehow.com,Male,35.185.33.181,10/30/2017
Carmel,Janek,cjaneki@diigo.com,Female,216.134.182.51,11/5/2017
Farleigh,Kopfen,fkopfenj@pbs.org,Male,110.31.129.226,12/14/2017
Brooks,Bortolussi,bbortolussik@seesaa.net,Female,219.184.159.147,8/13/2017
Arne,Titmuss,atitmussl@wikipedia.org,Male,178.31.3.232,9/27/2017
Daffie,Yakobowitch,dyakobowitchm@ed.gov,Female,84.164.186.228,9/1/2017
Maurice,Natt,mnattn@1und1.de,Male,233.178.30.252,4/18/2017
Pembroke,Hagan,phagano@mtv.com,Male,114.65.255.78,6/10/2017
Granny,Mansour,gmansourp@istockphoto.com,Male,54.81.138.197,10/28/2017
Darla,Bente,dbenteq@hud.gov,Female,12.36.25.198,12/5/2017
Kerstin,Alekhov,kalekhovr@blinklist.com,Female,15.61.173.166,5/3/2017
Loralee,Chark,lcharks@joomla.org,Female,187.137.15.91,4/6/2017
Camellia,Georgins,cgeorginst@paypal.com,Female,67.209.244.34,3/3/2017
Tiena,Sevior,tsevioru@scientificamerican.com,Female,95.181.229.125,5/25/2017
Rina,Durward,rdurwardv@alibaba.com,Female,50.60.127.143,12/15/2017
Whitby,Solano,wsolanow@ocn.ne.jp,Male,104.207.62.121,10/1/2017
Gamaliel,Shale,gshalex@phpbb.com,Male,226.172.87.207,1/17/2018
Ingra,Hambatch,ihambatchy@biglobe.ne.jp,Male,29.230.58.168,5/20/2017
Bonnee,Kidney,bkidneyz@bandcamp.com,Female,123.199.154.29,9/7/2017
Giraldo,Fancourt,gfancourt10@flickr.com,Male,233.9.65.199,4/20/2017
Sarina,Cheevers,scheevers11@bing.com,Female,80.111.75.22,4/3/2017
Osbourn,Gierhard,ogierhard12@scientificamerican.com,Male,240.212.255.195,7/28/2017
Edeline,Mabone,emabone13@noaa.gov,Female,135.21.113.104,8/13/2017
Marylynne,McCrillis,mmccrillis14@wsj.com,Female,9.252.166.74,8/12/2017
Konrad,MacCaf,kmaccafferty15@webs.com,Male,163.109.64.166,1/7/2018
Audre,Gunthope,agunthorpe16@bravesites.com,Female,93.117.35.165,3/11/2017
Earle,Marlow,emarlow17@blogtalkradio.com,Male,206.21.216.130,8/18/2017
Cornelius,Courcey,ccourcey18@studiopress.com,Male,161.160.165.213,4/13/2017
Giustino,Whewell,gwh@pen.io,Male,158.229.27.19,11/8/2017
Cinderella,Ingry,cingry1a@sogou.com,Female,15.1.65.120,6/5/2017
Fern,Charville,fcharville1b@house.gov,Female,191.247.124.121,6/25/2017
Anna-diana,Bramstom,abramstom1c@phot.com,Female,117.243.180.242,11/30/2017
Arnold,Harness,aharn@japanpost.jp,Male,143.6.36.139,5/16/2017
Willdon,Fenton,wfenton0@digg.com,Male,60.53.207.46,9/23/2017
Kriste,Dommett,kdommett1@scientifica.com,Female,176.132.116.145,9/10/2017
Eduardo,Burnyate,eburnyate2@aol.com,Male,241.245.87.152,1/13/2018
Pavia,Klasing,pklasig3@meetup.com,Female,18.30.156.28,12/20/2017
Bone,Kalberer,bkalber@e-recht24.de,Male,131.204.101.126,12/4/2017
Vladamir,Ho,vhounihan5@google.it,Male,18.55.13.48,2/3/2017
Lawton,Breitler,lbreitler6@elegantthemes.com,Male,38.40.111.243,2/27/2017
Daniella,Sissel,dsissel7@friendfeed.com,Female,58.140.204.141,2/11/2017
Tillie,Smeaton,tsmeaton8@blinklist.com,Female,188.92.135.208,5/16/2017
Britta,Bedbrough,bbedbrough9@mlb.com,Female,96.224.173.203,11/11/2017
Fern,Boor,fboora@reverbnation.com,Female,235.137.112.155,12/20/2017
Caterina,Vennard,cvennardb@t-online.de,Female,222.239.197.135,9/21/2017
Terry,Dyka,ac@odnoklassniki.ru,Male,173.52.214.184,7/27/2017
Logan,Curnnokk,lcurnnokkd@people.com.cn,Male,27.115.123.116,12/9/2017
Davida,Arnholdt,darnholdte@washington.edu,Female,19.16.3.29,3/30/2017
Petr,Chastand,pchastandf@rakuten.co.jp,Male,23.150.156.57,7/24/2017
Roxy,Adolfson,radolfsong@xinhuanet.com,Female,81.86.118.11,12/18/2017
Catlee,Covert,crth@liveinternet.ru,Female,178.94.55.68,11/28/2017
Raquela,Authers,rauthersi@seesaa.net,Female,36.105.40.130,5/30/2017
Josias,Currum,jcurrumj@meetup.com,Male,39.200.104.21,4/11/2017
Wyndhm,Hullins,whul@github.io,Male,201.148.141.37,11/19/2017
